"Position","Const","Created","Modified","Points","Description","Name","Known.For","Birth.Date","rank_category"
1,"nm2225369","2018-08-17","2022-11-16",70488,"points","Jennifer Lawrence","The Hunger Games","1990-08-15","top 10"
2,"nm0000204","2018-07-20","2021-06-19",64117,"points","Natalie Portman","Black Swan","1981-06-09","top 10"
3,"nm0000194","2018-07-20","2022-11-16",63550,"points","Julianne Moore","Far from Heaven","1960-12-03","top 10"
4,"nm0000705","2018-07-20","2022-06-01",57521,"points","Robin Wright","Beowulf","1966-04-08","top 10"
5,"nm0000949","2018-07-30","2022-02-09",57412,"points","Cate Blanchett","Carol","1969-05-14","top 10"
6,"nm0004266","2018-08-05","2021-03-05",56731,"points","Anne Hathaway","Les Misérables","1982-11-12","top 10"
7,"nm0000701","2018-07-20","2022-11-20",55581,"points","Kate Winslet","Titanic","1975-10-05","top 10"
8,"nm0001735","2018-07-16","2018-07-18",54709,"points","Talia Shire","Rocky","1946-04-25","top 10"
9,"nm0000473","2018-07-16","2018-08-02",52796,"points","Diane Keaton","Annie Hall","1946-01-05","top 10"
10,"nm2244205","2018-08-10","2021-12-09",52174,"points","Léa Seydoux","La vie d'Adèle","1985-07-01","top 10"
11,"nm0461136","2018-08-02","2021-05-01",50689,"points","Keira Knightley","Pirates of the Caribbean: The Curse of the Black Pearl","1985-03-26","top 20"
12,"nm0000235","2018-07-18","2022-04-28",50584,"points","Uma Thurman","Kill Bill: Vol. 1","1970-04-29","top 20"
13,"nm0182839","2018-08-07","2022-02-09",49295,"points","Marion Cotillard","La Môme","1975-09-30","top 20"
14,"nm0424060","2018-08-01","2020-02-09",48093,"points","Scarlett Johansson","Lost in Translation","1984-11-22","top 20"
15,"nm1567113","2018-08-18","2021-07-15",47837,"points","Jessica Chastain","Zero Dark Thirty","1977-03-24","top 20"
16,"nm0010736","2018-08-01","2018-08-23",47662,"points","Amy Adams","Arrival","1974-08-20","top 20"
17,"nm0000307","2018-07-17","2018-08-20",47201,"points","Helena Bonham Carter","Sweeney Todd: The Demon Barber of Fleet Street","1966-05-26","top 20"
18,"nm0267812","2018-08-05","2020-07-17",44087,"points","Vera Farmiga","Up in the Air","1973-08-06","top 20"
19,"nm0000658","2018-07-17","2022-02-09",43263,"points","Meryl Streep","Out of Africa","1949-06-22","top 20"
20,"nm0000149","2018-07-16","2021-09-03",42826,"points","Jodie Foster","The Silence of the Lambs","1962-11-19","top 20"
21,"nm0842770","2018-08-01","2022-11-09",42054,"points","Tilda Swinton","We Need to Talk About Kevin","1960-11-05","top 50"
22,"nm0350454","2018-08-02","2022-06-08",41787,"points","Maggie Gyllenhaal","Secretary","1977-11-16","top 50"
23,"nm0000113","2018-07-20","2022-02-09",39829,"points","Sandra Bullock","The Proposal","1964-07-26","top 50"
24,"nm0000569","2018-07-21","2019-12-18",39032,"points","Gwyneth Paltrow","Shakespeare in Love","1972-09-27","top 50"
25,"nm0000531","2018-07-17","2021-09-13",38115,"points","Frances McDormand","Three Billboards Outside Ebbing, Missouri","1957-06-23","top 50"
26,"nm0000213","2018-07-18","2021-09-24",37977,"points","Winona Ryder","Little Women","1971-10-29","top 50"
27,"nm0000244","2018-07-17","2022-01-31",37156,"points","Sigourney Weaver","Avatar","1949-10-08","top 50"
28,"nm0005251","2018-07-30","2018-08-18",36874,"points","Carrie-Anne Moss","The Matrix","1967-08-21","top 50"
29,"nm0001057","2018-07-30","2022-09-02",36855,"points","Toni Collette","About a Boy","1972-11-01","top 50"
30,"nm0000124","2018-07-18","2018-08-10",36564,"points","Jennifer Connelly","A Beautiful Mind","1970-12-12","top 50"
31,"nm0001132","2018-07-21","2018-08-22",36468,"points","Judi Dench","Skyfall","1934-12-09","top 50"
32,"nm0000210","2018-07-18","2022-11-07",35247,"points","Julia Roberts","Pretty Woman","1967-10-28","top 50"
33,"nm0502425","2018-08-02","2021-12-14",34656,"points","Melissa Leo","The Fighter","1960-09-14","top 50"
34,"nm0000402","2018-07-16","2018-07-18",34017,"points","Carrie Fisher","Star Wars","1956-10-21","top 50"
35,"nm0006969","2018-08-09","2022-11-16",33874,"points","Elizabeth Banks","The Hunger Games","1974-02-10","top 50"
36,"nm0001625","2018-08-21","2018-08-21",33270,"points","Amanda Plummer","Pulp Fiction","1957-03-23","top 50"
37,"nm0365140","2018-08-20","2021-05-24",33172,"points","Naomie Harris","Moonlight","1976-09-06","top 50"
38,"nm0356017","2018-08-05","2018-08-21",31969,"points","Rebecca Hall","Vicky Cristina Barcelona","1982-05-03","top 50"
39,"nm1297015","2018-08-18","2021-05-15",31836,"points","Emma Stone","La La Land","1988-11-06","top 50"
40,"nm1017334","2018-08-22","2021-06-25",31821,"points","Juno Temple","Atonement","1989-07-21","top 50"
41,"nm0000398","2018-07-18","2018-08-20",31640,"points","Sally Field","Forrest Gump","1946-11-06","top 50"
42,"nm1046097","2018-08-03","2022-06-09",31619,"points","Rachel McAdams","The Notebook","1978-11-17","top 50"
43,"nm0000435","2018-07-18","2019-01-03",31397,"points","Daryl Hannah","Wall Street","1960-12-03","top 50"
44,"nm1157358","2018-08-02","2022-08-18",30575,"points","Michelle Monaghan","Gone Baby Gone","1976-03-23","top 50"
45,"nm0000173","2018-07-21","2021-11-02",30503,"points","Nicole Kidman","Moulin Rouge!","1967-06-20","top 50"
46,"nm0004950","2018-08-01","2021-11-23",29970,"points","Jennifer Garner","Alias","1972-04-17","top 50"
47,"nm1659547","2018-08-04","2022-02-09",29950,"points","Carey Mulligan","Never Let Me Go","1985-05-28","top 50"
48,"nm0000870","2018-07-18","2022-12-09",29609,"points","Kathy Bates","Misery","1948-06-28","top 50"
49,"nm0607865","2018-08-07","2019-04-10",29417,"points","Emily Mortimer","Mary Poppins Returns","1971-10-06","top 50"
50,"nm0915208","2018-08-01","2018-08-22",29246,"points","Naomi Watts","Mulholland Dr.","1968-09-28","top 50"
51,"nm0931329","2018-08-02","2021-05-10",28923,"points","Michelle Williams","My Week with Marilyn","1980-09-09","top 100"
52,"nm1208167","2018-08-10","2021-06-09",28878,"points","Diane Kruger","Inglourious Basterds","1976-07-15","top 100"
53,"nm0491259","2018-08-10","2021-09-10",28040,"points","Mélanie Laurent","Inglourious Basterds","1983-02-21","top 100"
54,"nm0005466","2018-08-02","2021-05-07",27975,"points","Julia Stiles","10 Things I Hate About You","1981-03-28","top 100"
55,"nm3053338","2018-08-21","2021-11-02",27832,"points","Margot Robbie","Suicide Squad","1990-07-02","top 100"
56,"nm0205626","2018-08-02","2022-02-09",27685,"points","Viola Davis","Fences","1965-08-11","top 100"
57,"nm0001749","2018-07-17","2022-11-07",27191,"points","Maggie Smith","Gosford Park","1934-12-28","top 100"
58,"nm0001473","2018-07-26","2022-04-26",26846,"points","Laura Linney","The Big C","1964-02-05","top 100"
59,"nm0914612","2018-08-01","2020-03-09",26500,"points","Emma Watson","The Perks of Being a Wallflower","1990-04-15","top 100"
60,"nm0000234","2018-07-23","2022-02-08",26282,"points","Charlize Theron","Monster","1975-08-07","top 100"
61,"nm0000275","2018-07-17","2022-01-23",26237,"points","Rosanna Arquette","Pulp Fiction","1959-08-10","top 100"
62,"nm0931404","2018-07-30","2021-08-30",26219,"points","Olivia Williams","The Ghost Writer","1968-07-26","top 100"
63,"nm0818055","2018-08-18","2022-11-20",26134,"points","Octavia Spencer","Hidden Figures","1970-05-25","top 100"
64,"nm0001416","2018-07-30","2021-05-14",25861,"points","Catherine Keener","Being John Malkovich","1959-03-26","top 100"
65,"nm0103797","2021-05-26","2021-09-03",25363,"points","Alice Braga","I Am Legend","1983-04-15","top 100"
66,"nm0165101","2018-08-02","2018-08-19",25263,"points","Patricia Clarkson","The Station Agent","1959-12-29","top 100"
67,"nm0757855","2018-08-21","2021-09-24",24906,"points","Zoe Saldana","Avatar","1978-06-19","top 100"
68,"nm0680983","2018-08-06","2018-08-20",24537,"points","Elliot Page","Juno","1987-02-21","top 100"
69,"nm1102577","2018-08-05","2018-08-23",24330,"points","Elle Fanning","Super 8","1998-04-09","top 100"
70,"nm0913488","2018-08-03","2018-08-20",24210,"points","Kerry Washington","Scandal","1977-01-31","top 100"
71,"nm0000139","2018-07-20","2018-08-22",23982,"points","Cameron Diaz","Vanilla Sky","1972-08-30","top 100"
72,"nm1325419","2018-08-18","2018-08-23",23641,"points","Kristen Wiig","Bridesmaids","1973-08-22","top 100"
73,"nm0000260","2018-07-24","2021-05-07",23630,"points","Joan Allen","Room","1956-08-20","top 100"
74,"nm0001838","2018-08-01","2022-11-09",23475,"points","Rachel Weisz","The Constant Gardener","1970-03-07","top 100"
75,"nm0000492","2018-07-19","2022-09-09",23423,"points","Jennifer Jason Leigh","The Hateful Eight","1962-02-05","top 100"
76,"nm0000906","2018-07-21","2018-08-17",23395,"points","Annette Bening","American Beauty","1958-05-29","top 100"
77,"nm1913734","2018-08-17","2018-08-23",23255,"points","Rooney Mara","Carol","1985-04-17","top 100"
78,"nm0000379","2018-07-20","2022-02-09",23229,"points","Kirsten Dunst","Spider-Man","1982-04-30","top 100"
79,"nm0005299","2018-08-20","2021-12-17",23137,"points","Sarah Paulson","12 Years a Slave","1974-12-17","top 100"
80,"nm1519680","2018-08-06","2021-02-06",22428,"points","Saoirse Ronan","Hanna","1994-04-12","top 100"
81,"nm0004851","2018-07-24","2020-02-09",22220,"points","Penélope Cruz","Vicky Cristina Barcelona","1974-04-28","top 100"
82,"nm0001401","2018-07-30","2022-08-18",22214,"points","Angelina Jolie","Girl, Interrupted","1975-06-04","top 100"
83,"nm0005154","2018-08-02","2018-08-19",22156,"points","Lucy Liu","Kill Bill: Vol. 1","1968-12-02","top 100"
84,"nm0001567","2018-07-23","2021-01-11",21989,"points","Connie Nielsen","Gladiator","1965-07-03","top 100"
85,"nm0000171","2018-07-21","2022-11-20",21672,"points","Ashley Judd","Double Jeopardy","1968-04-19","top 100"
86,"nm0005256","2018-08-02","2021-12-28",21387,"points","Bridget Moynahan","I, Robot","1971-04-28","top 100"
87,"nm0531808","2018-07-21","2019-12-23",21334,"points","Kelly Macdonald","No Country for Old Men","1976-02-23","top 100"
88,"nm0005049","2018-08-17","2021-11-02",21281,"points","Allison Janney","The Help","1959-11-19","top 100"
89,"nm0005305","2021-06-05","2021-06-05",21219,"points","Piper Perabo","Coyote Ugly","1976-10-31","top 100"
90,"nm0000407","2018-08-02","2018-08-03",20987,"points","Vivica A. Fox","Independence Day","1964-07-30","top 100"
91,"nm0005017","2018-07-24","2018-08-23",20868,"points","Katie Holmes","Batman Begins","1978-12-18","top 100"
92,"nm0000383","2018-08-10","2021-06-15",20787,"points","Jennifer Ehle","Zero Dark Thirty","1969-12-29","top 100"
93,"nm0000239","2018-08-01","2018-08-07",20033,"points","Liv Tyler","Armageddon","1977-07-01","top 100"
94,"nm0000702","2018-08-04","2021-04-29",19889,"points","Reese Witherspoon","Wild","1976-03-22","top 100"
95,"nm0000670","2018-07-17","2018-07-18",19767,"points","Lea Thompson","Back to the Future","1961-05-31","top 100"
96,"nm1289434","2018-08-05","2021-06-05",19758,"points","Emily Blunt","Edge of Tomorrow","1983-02-23","top 100"
97,"nm1368866","2020-02-09","2020-02-09",19503,"points","Stephanie Kurtzuba","The Irishman","","top 100"
98,"nm0001876","2018-07-31","2019-11-25",19389,"points","Catherine Zeta-Jones","Chicago","1969-09-25","top 100"
99,"nm0005476","2018-07-30","2018-08-18",19359,"points","Hilary Swank","Million Dollar Baby","1974-07-30","top 100"
100,"nm0752407","2018-08-06","2018-08-23",19296,"points","Amy Ryan","Gone Baby Gone","1968-05-03","top 100"
101,"nm0683253","2018-08-04","2021-04-27",19294,"points","Rosamund Pike","Gone Girl","","top 200"
102,"nm0000201","2018-07-17","2021-07-15",19139,"points","Michelle Pfeiffer","What Lies Beneath","1958-04-29","top 200"
103,"nm0004742","2018-08-04","2022-07-08",19127,"points","Maria Bello","A History of Violence","1967-04-18","top 200"
104,"nm0000995","2018-07-16","2021-04-11",19098,"points","Ellen Burstyn","Requiem for a Dream","1932-12-07","top 200"
105,"nm0001833","2018-07-22","2021-08-27",19023,"points","Emily Watson","Gosford Park","1967-01-14","top 200"
106,"nm0000107","2018-07-18","2021-05-04",18884,"points","Kim Basinger","L.A. Confidential","1953-12-08","top 200"
107,"nm0001315","2018-07-18","2018-08-19",18125,"points","Marcia Gay Harden","Mystic River","1959-08-14","top 200"
108,"nm0683467","2018-08-24","2019-09-24",18112,"points","Alison Pill","Scott Pilgrim vs. the World","1985-11-27","top 200"
109,"nm0447695","2018-08-10","2021-05-23",18070,"points","Anna Kendrick","Up in the Air","1985-08-09","top 200"
110,"nm2368789","2022-02-08","2022-11-20",17614,"points","Zoë Kravitz","Mad Max: Fury Road","1988-12-01","top 200"
111,"nm0000673","2018-08-01","2019-04-04",17561,"points","Marisa Tomei","My Cousin Vinny","1964-12-04","top 200"
112,"nm0004376","2018-07-27","2018-11-19",17561,"points","Franka Potente","Lola rennt","1974-07-22","top 200"
113,"nm0000261","2018-07-17","2018-08-08",17527,"points","Karen Allen","Raiders of the Lost Ark","1951-10-05","top 200"
114,"nm0004920","2018-08-23","2018-08-23",17468,"points","Frances Fisher","Titanic","1952-05-11","top 200"
115,"nm0829576","2018-08-01","2022-10-02",17352,"points","Kristen Stewart","Snow White and the Huntsman","1990-04-09","top 200"
116,"nm0279545","2018-08-21","2018-08-23",17349,"points","Isla Fisher","Wedding Crashers","1976-02-03","top 200"
117,"nm0000368","2018-07-18","2020-03-09",17330,"points","Laura Dern","Jurassic Park","1967-02-10","top 200"
118,"nm0397171","2018-08-18","2022-01-31",17315,"points","Bryce Dallas Howard","Jurassic World: Dominion","1981-03-02","top 200"
119,"nm0000707","2019-01-03","2021-05-10",17048,"points","Sean Young","Blade Runner","1959-11-20","top 200"
120,"nm0000350","2018-07-26","2018-07-26",16656,"points","Beverly D'Angelo","National Lampoon's Vacation","1951-11-15","top 200"
121,"nm0005460","2018-07-18","2018-08-18",16595,"points","Mary Steenburgen","Last Vegas","1953-02-08","top 200"
122,"nm0180411","2018-08-06","2021-05-09",16402,"points","Abbie Cornish","Bright Star","1982-08-07","top 200"
123,"nm1869101","2021-05-10","2022-09-02",16197,"points","Ana de Armas","Blade Runner 2049","1988-04-30","top 200"
124,"nm0001721","2018-07-30","2022-08-18",16003,"points","Chloë Sevigny","We Are Who We Are","1974-11-18","top 200"
125,"nm0266824","2018-08-01","2020-02-09",15975,"points","Dakota Fanning","War of the Worlds","1994-02-23","top 200"
126,"nm0607185","2018-08-18","2021-09-24",15619,"points","Jennifer Morrison","House M.D.","1979-04-12","top 200"
127,"nm0001287","2018-07-24","2021-05-25",15614,"points","Heather Graham","Austin Powers: The Spy Who Shagged Me","1970-01-29","top 200"
128,"nm0000899","2018-07-31","2021-12-21",15458,"points","Monica Bellucci","Malèna","1964-09-30","top 200"
129,"nm0544718","2018-08-10","2018-08-23",15431,"points","Kate Mara","Fantastic Four","1983-02-27","top 200"
130,"nm0000603","2018-07-16","2021-07-14",15393,"points","Vanessa Redgrave","Coriolanus","1937-01-30","top 200"
131,"nm0000130","2018-07-17","2022-09-02",15361,"points","Jamie Lee Curtis","Halloween","1958-11-22","top 200"
132,"nm0487884","2018-08-03","2018-08-21",15083,"points","Alexandra Maria Lara","Der Untergang","1978-11-12","top 200"
133,"nm0001521","2018-07-18","2022-01-12",15015,"points","Mary McDonnell","Battlestar Galactica","1952-04-28","top 200"
134,"nm1985859","2018-08-17","2021-07-15",14932,"points","Mia Wasikowska","Alice in Wonderland","1989-10-25","top 200"
135,"nm0001221","2018-07-16","2018-07-16",14605,"points","Louise Fletcher","One Flew Over the Cuckoo's Nest","1934-07-22","top 200"
136,"nm0000889","2018-07-18","2021-07-07",14501,"points","Bonnie Bedelia","Die Hard","1948-03-25","top 200"
137,"nm1113550","2018-08-01","2018-08-22",14406,"points","Abigail Breslin","Little Miss Sunshine","1996-04-14","top 200"
138,"nm0940362","2018-08-19","2022-11-20",14369,"points","Shailene Woodley","Big Little Lies","1991-11-15","top 200"
139,"nm0000966","2018-07-18","2018-07-18",14152,"points","Lorraine Bracco","Goodfellas","1954-10-02","top 200"
140,"nm0206257","2018-08-17","2022-09-19",14140,"points","Rosario Dawson","Rent","1979-05-09","top 200"
141,"nm0001523","2018-07-27","2018-07-27",14099,"points","Natascha McElhone","Ronin","1969-12-14","top 200"
142,"nm0000166","2018-07-22","2018-08-21",14056,"points","Helen Hunt","As Good as It Gets","1963-06-15","top 200"
143,"nm1469236","2020-01-14","2022-02-09",14049,"points","Olivia Colman","The Favourite","1974-01-30","top 200"
144,"nm0001167","2018-07-17","2021-04-20",14014,"points","Shelley Duvall","The Shining","1949-07-07","top 200"
145,"nm0001378","2018-08-01","2022-01-25",13971,"points","Anjelica Huston","The Grifters","1951-07-08","top 200"
146,"nm0225332","2018-08-22","2018-08-22",13869,"points","Kim Dickens","Gone Girl","1965-06-18","top 200"
147,"nm0001848","2018-07-18","2021-05-11",13564,"points","Dianne Wiest","The Birdcage","1946-03-28","top 200"
148,"nm2057859","2018-08-20","2021-05-15",13480,"points","Andrea Riseborough","Birdman or (The Unexpected Virtue of Ignorance)","1981-11-20","top 200"
149,"nm0000656","2018-07-19","2021-07-14",13410,"points","Madeleine Stowe","Twelve Monkeys","1958-08-18","top 200"
150,"nm0001669","2018-07-18","2022-05-08",13390,"points","Miranda Richardson","The Crying Game","1958-03-03","top 200"
151,"nm0000496","2018-07-19","2018-08-22",13292,"points","Juliette Lewis","Natural Born Killers","1973-06-21","top 200"
152,"nm0004650","2018-07-22","2021-05-22",13119,"points","Marisa Paredes","Todo sobre mi madre","1946-04-03","top 200"
153,"nm5939164","2020-02-09","2022-08-14",13106,"points","Zazie Beetz","Atlanta","1991-06-01","top 200"
154,"nm0000651","2018-07-16","2021-12-20",13092,"points","Sissy Spacek","In the Bedroom","1949-12-25","top 200"
155,"nm0851582","2018-08-01","2020-12-04",13079,"points","Audrey Tautou","Le fabuleux destin d'Amélie Poulain","1976-08-09","top 200"
156,"nm1631269","2018-08-18","2021-12-05",12900,"points","Chloë Grace Moretz","Kick-Ass","1997-02-10","top 200"
157,"nm0628601","2018-08-03","2018-08-05",12720,"points","Thandiwe Newton","Crash","1972-11-06","top 200"
158,"nm0593664","2018-08-01","2018-08-06",12621,"points","Radha Mitchell","Pitch Black","1973-11-12","top 200"
159,"nm0000215","2018-07-16","2018-08-21",12603,"points","Susan Sarandon","Thelma & Louise","1946-10-04","top 200"
160,"nm1200692","2018-08-04","2019-09-22",12589,"points","Eva Green","Casino Royale","1980-07-06","top 200"
161,"nm0001021","2018-07-17","2020-09-01",12584,"points","Veronica Cartwright","Alien","1949-04-20","top 200"
162,"nm0000545","2018-07-18","2022-01-22",12435,"points","Helen Mirren","The Queen","1945-07-26","top 200"
163,"nm1745736","2018-08-05","2018-08-20",12394,"points","Paula Patton","Precious","1975-12-05","top 200"
164,"nm0000099","2018-07-20","2018-08-22",12391,"points","Patricia Arquette","True Romance","1968-04-08","top 200"
165,"nm0001517","2018-08-01","2018-08-01",12363,"points","Catherine McCormack","Braveheart","1972-04-03","top 200"
166,"nm0000571","2018-07-19","2021-09-08",12290,"points","Mary-Louise Parker","Weeds","1964-08-02","top 200"
167,"nm0005109","2018-08-17","2018-08-17",12167,"points","Mila Kunis","Black Swan","1983-08-14","top 200"
168,"nm2951768","2018-08-08","2018-08-08",12155,"points","Freida Pinto","Slumdog Millionaire","1984-10-18","top 200"
169,"nm0993242","2018-08-04","2018-08-08",12054,"points","Clémence Poésy","In Bruges","1982-10-30","top 200"
170,"nm0000882","2018-08-01","2018-08-06",12040,"points","Nathalie Baye","Catch Me If You Can","1948-07-06","top 200"
171,"nm0000521","2018-07-21","2018-07-30",11946,"points","Sophie Marceau","La boum","1966-11-17","top 200"
172,"nm0000623","2018-07-20","2018-08-23",11890,"points","Rene Russo","Nightcrawler","1954-02-17","top 200"
173,"nm0001463","2018-07-15","2018-07-15",11580,"points","Janet Leigh","Psycho","1927-07-06","top 200"
174,"nm0587256","2018-07-15","2018-07-15",11137,"points","Vera Miles","The Man Who Shot Liberty Valance","1929-08-23","top 200"
175,"nm0005093","2018-07-21","2022-08-14",11090,"points","Regina King","Ray","1971-01-15","top 200"
176,"nm0002536","2018-08-03","2018-08-04",11053,"points","Emmy Rossum","The Phantom of the Opera","1986-09-12","top 200"
177,"nm0893204","2018-07-21","2019-04-11",11037,"points","Diane Venora","Heat","1952-08-10","top 200"
178,"nm0000250","2018-07-21","2021-05-21",10992,"points","Renée Zellweger","Chicago","1969-04-25","top 200"
179,"nm0001593","2018-07-20","2020-02-09",10917,"points","Anna Paquin","The Piano","1982-07-24","top 200"
180,"nm1020089","2018-08-08","2018-08-24",10831,"points","Sally Hawkins","The Shape of Water","1976-04-27","top 200"
181,"nm2539953","2018-08-20","2021-11-26",10776,"points","Alicia Vikander","Ex Machina","1988-10-03","top 200"
182,"nm0005064","2018-08-18","2019-05-31",10765,"points","January Jones","X: First Class","1978-01-05","top 200"
183,"nm0000566","2018-08-08","2019-01-09",10723,"points","Julia Ormond","My Week with Marilyn","1965-01-04","top 200"
184,"nm0000038","2018-07-15","2018-07-15",10593,"points","Grace Kelly","Dial M for Murder","1929-11-12","top 200"
185,"nm0578949","2018-08-01","2018-08-20",10527,"points","Eva Mendes","Hitch","1974-03-05","top 200"
186,"nm0000365","2018-07-20","2018-08-21",10498,"points","Julie Delpy","Trois couleurs: Blanc","1969-12-21","top 200"
187,"nm0007814","2018-08-04","2021-05-10",10427,"points","Hiam Abbass","Blade Runner 2049","1960-11-30","top 200"
188,"nm0001046","2018-07-15","2021-06-09",10395,"points","Julie Christie","Doctor Zhivago","1940-04-14","top 200"
189,"nm0000218","2018-07-22","2021-07-14",10320,"points","Kristin Scott Thomas","Gosford Park","1960-05-24","top 200"
190,"nm0000668","2018-07-20","2021-05-16",10289,"points","Emma Thompson","Sense and Sensibility","1959-04-15","top 200"
191,"nm0000232","2018-07-19","2022-04-09",10287,"points","Sharon Stone","Basic Instinct","1958-03-10","top 200"
192,"nm0717709","2018-08-10","2020-03-11",10257,"points","Kelly Reilly","Pride & Prejudice","1977-07-18","top 200"
193,"nm0000193","2018-07-18","2021-04-26",10018,"points","Demi Moore","G.I. Jane","1962-11-11","top 200"
194,"nm0893941","2018-08-01","2018-08-05",9951,"points","Maribel Verdú","El laberinto del fauno","1970-10-02","top 200"
195,"nm0378245","2018-08-24","2018-08-24",9922,"points","Taraji P. Henson","The Curious Case of Benjamin Button","1970-09-11","top 200"
196,"nm0001687","2018-07-19","2018-08-06",9880,"points","Gena Rowlands","The Notebook","1930-06-19","top 200"
197,"nm0939697","2018-08-07","2018-08-19",9844,"points","Evan Rachel Wood","Thirteen","1987-09-07","top 200"
198,"nm0000400","2018-07-23","2018-07-30",9766,"points","Linda Fiorentino","The Last Seduction","1958-03-09","top 200"
199,"nm0000932","2018-07-20","2022-01-25",9721,"points","Halle Berry","Catwoman","1966-08-14","top 200"
200,"nm0488953","2018-08-21","2021-10-31",9715,"points","Brie Larson","Room","1989-10-01","top 200"
201,"nm0001491","2018-07-20","2022-02-09",9584,"points","Melanie Lynskey","Togetherness","1977-05-16","top 500"
202,"nm0000006","2018-07-14","2019-04-02",9555,"points","Ingrid Bergman","Casablanca","1915-08-29","top 500"
203,"nm1856097","2020-12-31","2020-12-31",9321,"points","Cho Yeo-jeong","Gisaengchung","1981-02-10","top 500"
204,"nm6476224","2020-12-31","2020-12-31",9321,"points","Park So-dam","Gisaengchung","1991-09-08","top 500"
205,"nm0000212","2018-07-18","2018-07-27",9257,"points","Meg Ryan","When Harry Met Sally...","1961-11-19","top 500"
206,"nm0724757","2021-05-26","2021-05-26",9212,"points","Salli Richardson-Whitfield","Anacondas: The Hunt for the Blood Orchid","1967-11-23","top 500"
207,"nm0001159","2018-07-16","2018-07-19",9200,"points","Faye Dunaway","Bonnie and Clyde","1941-01-14","top 500"
208,"nm0001732","2018-07-16","2018-07-16",9129,"points","Cybill Shepherd","Cybill","1950-02-18","top 500"
209,"nm0000510","2018-07-18","2020-09-30",9032,"points","Andie MacDowell","Groundhog Day","1958-04-21","top 500"
210,"nm0000971","2018-07-22","2018-07-22",8998,"points","Nicoletta Braschi","La vita è bella","1960-04-19","top 500"
211,"nm0004787","2018-08-08","2021-06-09",8995,"points","Saffron Burrows","You","1972-10-22","top 500"
212,"nm2247245","2018-08-24","2021-12-05",8875,"points","Haley Bennett","The Magnificent Seven","1988-01-07","top 500"
213,"nm0000456","2018-07-20","2019-09-29",8800,"points","Holly Hunter","Broadcast News","1958-03-20","top 500"
214,"nm0955471","2018-07-31","2021-10-13",8780,"points","Ziyi Zhang","Yi dai zong shi","1979-02-09","top 500"
215,"nm0608090","2018-08-01","2019-03-09",8673,"points","Samantha Morton","Minority Report","1977-05-13","top 500"
216,"nm1679778","2018-08-21","2021-05-10",8552,"points","Sylvia Hoeks","Blade Runner 2049","1983-06-01","top 500"
217,"nm0001632","2018-07-31","2018-08-18",8547,"points","Teri Polo","Meet the Parents","1969-06-01","top 500"
218,"nm0001100","2018-07-31","2018-08-18",8547,"points","Blythe Danner","Meet the Parents","1943-02-03","top 500"
219,"nm0000403","2018-07-18","2018-07-24",8462,"points","Bridget Fonda","A Simple Plan","1964-01-27","top 500"
220,"nm0001543","2018-07-27","2018-08-23",8456,"points","Gretchen Mol","The Thirteenth Floor","1972-11-08","top 500"
221,"nm0341737","2018-08-01","2018-08-23",8431,"points","Rachel Griffiths","Six Feet Under","1968-12-18","top 500"
222,"nm0308882","2018-07-16","2018-07-17",8264,"points","Lorraine Gary","Jaws: The Revenge","1937-08-16","top 500"
223,"nm1419440","2018-08-05","2018-08-05",8259,"points","Ivana Baquero","El laberinto del fauno","1994-06-11","top 500"
224,"nm0317725","2018-08-05","2018-08-05",8259,"points","Ariadna Gil","El laberinto del fauno","1969-01-23","top 500"
225,"nm0636426","2018-08-15","2020-03-02",8255,"points","Noomi Rapace","Män som hatar kvinnor","1979-12-28","top 500"
226,"nm0000170","2018-07-20","2021-05-19",8135,"points","Milla Jovovich","The Fifth Element","1975-12-17","top 500"
227,"nm1092227","2018-08-22","2022-04-10",8114,"points","Sienna Miller","G.I. Joe: The Rise of Cobra","1981-12-28","top 500"
228,"nm0007102","2018-08-20","2018-08-20",8045,"points","Tabu","Andhadhun","1970-11-04","top 500"
229,"nm0000511","2018-07-15","2018-08-21",8004,"points","Shirley MacLaine","Terms of Endearment","1934-04-24","top 500"
230,"nm0001250","2018-08-02","2018-08-19",7953,"points","Charlotte Gainsbourg","Antichrist","1971-07-21","top 500"
231,"nm0000950","2018-07-19","2018-08-06",7923,"points","Brenda Blethyn","Pride & Prejudice","1946-02-20","top 500"
232,"nm0001648","2018-07-18","2021-09-08",7909,"points","Charlotte Rampling","45 Years","1946-02-05","top 500"
233,"nm1086543","2018-08-08","2021-04-08",7881,"points","Amanda Seyfried","Les Misérables","1985-12-03","top 500"
234,"nm0000526","2021-04-29","2021-04-29",7856,"points","Samantha Mathis","Broken Arrow","1970-05-12","top 500"
235,"nm0000295","2018-07-20","2018-08-20",7832,"points","Kate Beckinsale","Underworld: Evolution","1973-07-26","top 500"
236,"nm0295484","2018-08-18","2018-08-18",7717,"points","Anna Friel","Land of the Lost","1976-07-12","top 500"
237,"nm0000618","2018-07-18","2022-03-13",7713,"points","Isabella Rossellini","Blue Velvet","1952-06-18","top 500"
238,"nm0000706","2018-07-24","2021-10-13",7656,"points","Michelle Yeoh","Everything Everywhere All at Once","1962-08-06","top 500"
239,"nm1671512","2018-08-07","2021-05-25",7623,"points","Anamaria Marinca","4 luni, 3 saptamâni si 2 zile","1978-04-01","top 500"
240,"nm0257969","2021-12-24","2021-12-24",7605,"points","Mireille Enos","World War Z","1975-09-22","top 500"
241,"nm2020146","2021-12-24","2021-12-24",7605,"points","Daniella Kertesz","World War Z","1989-03-11","top 500"
242,"nm0038918","2019-10-01","2019-10-01",7585,"points","Kate Ashfield","Shaun of the Dead","1972-05-28","top 500"
243,"nm0000463","2018-07-21","2018-08-08",7549,"points","Famke Janssen","X-Men: The Last Stand","1964-11-05","top 500"
244,"nm0000133","2018-07-19","2020-12-12",7485,"points","Geena Davis","Thelma & Louise","1956-01-21","top 500"
245,"nm1597316","2021-05-26","2021-05-26",7445,"points","Adrianne Palicki","G.I. Joe: Retaliation","1983-05-06","top 500"
246,"nm1312575","2018-08-21","2022-12-09",7367,"points","Olivia Wilde","Tron","1984-03-10","top 500"
247,"nm0737533","2018-08-21","2018-08-23",7348,"points","Elisabeth Röhm","American Hustle","1973-04-28","top 500"
248,"nm0000679","2018-07-23","2019-09-29",7228,"points","Deborah Kara Unger","The Game","1966-05-12","top 500"
249,"nm0001584","2018-07-27","2018-08-04",7206,"points","Miranda Otto","The Lord of the Rings: The Return of the King","1967-12-16","top 500"
250,"nm0311476","2018-08-05","2018-08-10",7180,"points","Martina Gedeck","Das Leben der Anderen","1961-09-14","top 500"
251,"nm0362896","2018-08-03","2018-08-05",7158,"points","Corinna Harfouch","Der Untergang","1954-10-16","top 500"
252,"nm0591352","2018-08-03","2018-08-05",7158,"points","Birgit Minichmayr","Der Untergang","1977-04-03","top 500"
253,"nm0000420","2018-07-18","2018-08-02",7152,"points","Valeria Golino","Rain Man","1965-10-22","top 500"
254,"nm0000613","2018-08-18","2018-08-24",7103,"points","Joely Richardson","Nip/Tuck","1965-01-09","top 500"
255,"nm0000155","2018-07-17","2018-07-30",7072,"points","Whoopi Goldberg","Ghost","1955-11-13","top 500"
256,"nm0001012","2018-07-15","2018-07-16",7016,"points","Claudia Cardinale","C'era una volta il West","1938-04-15","top 500"
257,"nm0000666","2018-08-21","2020-09-30",6974,"points","Lili Taylor","American Crime","1967-02-20","top 500"
258,"nm0067367","2018-08-18","2019-04-28",6911,"points","Bérénice Bejo","The Artist","1976-07-07","top 500"
259,"nm0001693","2018-07-15","2018-07-15",6880,"points","Eva Marie Saint","On the Waterfront","1924-07-04","top 500"
260,"nm0000030","2018-07-15","2018-07-15",6847,"points","Audrey Hepburn","Breakfast at Tiffany's","1929-05-04","top 500"
261,"nm0645683","2018-08-03","2020-12-04",6828,"points","Sophie Okonedo","Hotel Rwanda","1968-08-11","top 500"
262,"nm2736690","2021-05-25","2021-05-25",6776,"points","Alicia von Rittberg","Fury","1993-12-10","top 500"
263,"nm0001435","2018-07-30","2018-08-24",6659,"points","Lisa Kudrow","Friends","1963-07-30","top 500"
264,"nm1367246","2018-08-02","2018-08-02",6601,"points","Kang Hye-jeong","Oldeuboi","1982-01-04","top 500"
265,"nm0000023","2018-07-14","2018-07-15",6585,"points","Judy Garland","The Wizard of Oz","1922-06-10","top 500"
266,"nm5896355","2021-12-25","2021-12-25",6570,"points","Anya Taylor-Joy","The Queen's Gambit","1996-04-16","top 500"
267,"nm0521443","2018-07-26","2018-08-20",6552,"points","Susanne Lothar","Funny Games","1960-11-15","top 500"
268,"nm0378932","2018-08-05","2018-08-08",6534,"points","Karoline Herfurth","Perfume: The Story of a Murderer","1984-05-22","top 500"
269,"nm0001684","2018-07-16","2018-07-16",6513,"points","Katharine Ross","The Graduate","1940-01-29","top 500"
270,"nm0728812","2018-07-15","2018-07-15",6501,"points","Thelma Ritter","Rear Window","1902-02-14","top 500"
271,"nm0267506","2018-08-02","2018-08-02",6459,"points","Anna Faris","The House Bunny","1976-11-29","top 500"
272,"nm0000132","2018-07-20","2022-04-28",6430,"points","Claire Danes","My So-Called Life","1979-04-12","top 500"
273,"nm0000291","2018-07-19","2022-04-26",6411,"points","Angela Bassett","Black Panther","1958-08-16","top 500"
274,"nm0000843","2018-07-16","2018-07-17",6353,"points","Anne Bancroft","The Graduate","1931-09-17","top 500"
275,"nm1679669","2018-08-10","2018-08-23",6348,"points","Rosemarie DeWitt","Rachel Getting Married","1971-10-26","top 500"
276,"nm0002104","2018-07-14","2018-07-14",6319,"points","Paulette Goddard","Modern Times","1910-06-03","top 500"
277,"nm0000162","2018-07-23","2018-08-02",6304,"points","Anne Heche","Six Days Seven Nights","1969-05-25","top 500"
278,"nm0004802","2021-07-19","2021-07-19",6281,"points","Linda Cardellini","Scooby-Doo","1975-06-25","top 500"
279,"nm0004754","2018-08-05","2018-08-21",6271,"points","Jessica Biel","The Illusionist","1982-03-03","top 500"
280,"nm0005028","2018-07-31","2018-08-24",6211,"points","Kate Hudson","Almost Famous","1979-04-19","top 500"
281,"nm0000157","2018-07-17","2018-07-17",6206,"points","Linda Hamilton","Terminator 2: Judgment Day","1956-09-26","top 500"
282,"nm0000098","2018-08-03","2021-10-13",6188,"points","Jennifer Aniston","Friends","1969-02-11","top 500"
283,"nm0001201","2018-07-16","2018-08-10",6175,"points","Mia Farrow","Rosemary's Baby","1945-02-09","top 500"
284,"nm0000565","2018-07-30","2018-08-08",6167,"points","Lena Olin","The Unbearable Lightness of Being","1955-03-22","top 500"
285,"nm0782561","2018-07-18","2022-07-03",6131,"points","Emmanuelle Seigner","Bitter Moon","1966-06-22","top 500"
286,"nm0002039","2018-07-18","2019-01-25",6086,"points","Ruby Dee","American Gangster","1922-10-27","top 500"
287,"nm0001527","2018-07-17","2021-07-20",6074,"points","Elizabeth McGovern","Ordinary People","1961-07-18","top 500"
288,"nm0000046","2018-07-14","2018-07-15",6019,"points","Vivien Leigh","A Streetcar Named Desire","1913-11-05","top 500"
289,"nm0001807","2018-08-18","2018-08-18",6000,"points","Cicely Tyson","The Help","1924-12-19","top 500"
290,"nm0001547","2018-07-14","2018-07-14",5972,"points","Agnes Moorehead","Hush...Hush, Sweet Charlotte","1900-12-06","top 500"
291,"nm0000427","2018-07-22","2018-07-24",5943,"points","Pam Grier","Jackie Brown","1949-05-26","top 500"
292,"nm0001036","2018-07-15","2018-08-20",5930,"points","Geraldine Chaplin","Hable con ella","1944-07-31","top 500"
293,"nm0001009","2018-07-17","2018-07-17",5917,"points","Kate Capshaw","Indiana Jones and the Temple of Doom","1953-11-03","top 500"
294,"nm0005442","2018-08-03","2018-08-03",5910,"points","Amy Smart","Rat Race","1976-03-26","top 500"
295,"nm0189887","2018-08-04","2018-08-22",5895,"points","Marie-Josée Croze","Les invasions barbares","1970-02-23","top 500"
296,"nm0000335","2018-07-18","2021-07-20",5824,"points","Glenn Close","Fatal Attraction","1947-03-19","top 500"
297,"nm0001656","2018-07-15","2018-07-15",5760,"points","Donna Reed","It's a Wonderful Life","1921-01-27","top 500"
298,"nm0000106","2018-07-17","2018-08-02",5758,"points","Drew Barrymore","Charlie's Angels","1975-02-22","top 500"
299,"nm1404488","2018-08-16","2018-08-18",5704,"points","AJ Michalka","Super 8","1991-04-10","top 500"
300,"nm0957909","2018-08-15","2018-08-15",5694,"points","Ayelet Zurer","Man of Steel","1969-06-28","top 500"
301,"nm0000300","2018-07-20","2018-08-06",5685,"points","Juliette Binoche","The English Patient","1964-03-09","top 500"
302,"nm1385871","2018-08-06","2018-08-24",5419,"points","Olga Kurylenko","Oblivion","1979-11-14","top 500"
303,"nm0001347","2018-07-17","2021-04-17",5277,"points","Barbara Hershey","Black Swan","1948-02-05","top 500"
304,"nm0005392","2018-08-07","2018-08-07",5230,"points","Keri Russell","Felicity","1976-03-23","top 500"
305,"nm2377903","2019-04-21","2019-04-21",5216,"points","Lucy Boynton","Sing Street","1994-01-17","top 500"
306,"nm0000322","2021-07-14","2021-07-14",5203,"points","Emmanuelle Béart","8 femmes","1963-08-14","top 500"
307,"nm0200848","2021-07-14","2021-07-14",5203,"points","Ingeborga Dapkunaite","Seven Years in Tibet","1963-01-20","top 500"
308,"nm0001571","2018-07-15","2018-07-15",5156,"points","Kim Novak","Vertigo","1933-02-13","top 500"
309,"nm0000895","2018-07-15","2018-07-15",5156,"points","Barbara Bel Geddes","Vertigo","1922-10-31","top 500"
310,"nm0000014","2018-07-14","2018-07-14",5127,"points","Olivia de Havilland","The Heiress","1916-07-01","top 500"
311,"nm3199307","2021-05-28","2021-05-28",5117,"points","Ruby Rose","Orange Is the New Black","1986-03-20","top 500"
312,"nm0314358","2021-05-28","2021-05-28",5117,"points","Claudia Gerini","The Passion of the Christ","1971-12-18","top 500"
313,"nm0005031","2018-07-30","2022-04-25",5076,"points","Felicity Huffman","Transamerica","1962-12-09","top 500"
314,"nm0000349","2018-08-02","2020-01-24",5068,"points","Joan Cusack","In & Out","1962-10-11","top 500"
315,"nm0000208","2019-05-14","2019-05-14",5045,"points","Molly Ringwald","Sixteen Candles","1968-02-18","top 500"
316,"nm0000639","2019-05-14","2019-05-14",5045,"points","Ally Sheedy","The Breakfast Club","1962-06-13","top 500"
317,"nm2794962","2018-08-17","2018-08-21",5022,"points","Hailee Steinfeld","True Grit","1996-12-11","top 500"
318,"nm3078932","2022-02-11","2022-02-11",4995,"points","Lady Gaga","A Star Is Born","1986-03-28","top 500"
319,"nm0845209","2018-08-03","2018-08-03",4962,"points","Aitana Sánchez-Gijón","The Machinist","1968-11-05","top 500"
320,"nm0428065","2018-08-22","2018-08-22",4915,"points","Felicity Jones","Rogue One","1983-10-17","top 500"
321,"nm0204706","2018-08-02","2019-04-17",4895,"points","Hope Davis","American Splendor","1964-03-23","top 500"
322,"nm0001114","2018-07-19","2019-08-15",4890,"points","Judy Davis","Husbands and Wives","1955-04-23","top 500"
323,"nm0000161","2018-07-21","2018-08-07",4872,"points","Salma Hayek","Frida","1966-09-02","top 500"
324,"nm0001512","2018-07-18","2019-04-19",4849,"points","Mary Elizabeth Mastrantonio","The Abyss","1958-11-17","top 500"
325,"nm0001448","2018-07-17","2018-08-04",4791,"points","Jessica Lange","Tootsie","1949-04-20","top 500"
326,"nm0000178","2018-07-31","2018-12-30",4783,"points","Diane Lane","Unfaithful","1965-01-22","top 500"
327,"nm0001839","2018-07-17","2018-07-17",4779,"points","Tuesday Weld","Once Upon a Time in America","1943-08-27","top 500"
328,"nm0000572","2018-07-20","2018-07-22",4757,"points","Sarah Jessica Parker","Sex and the City","1965-03-25","top 500"
329,"nm3114649","2018-08-23","2022-01-22",4754,"points","Charlotte Le Bon","Anthropoid","1986-09-04","top 500"
330,"nm0000414","2018-07-16","2018-07-17",4738,"points","Teri Garr","Tootsie","1947-12-11","top 500"
331,"nm0000304","2018-07-16","2018-07-16",4713,"points","Linda Blair","The Exorcist","1959-01-22","top 500"
332,"nm0910278","2022-06-10","2022-06-10",4674,"points","Julie Walters","Billy Elliot","1950-02-22","top 500"
333,"nm1950086","2018-08-19","2018-08-24",4656,"points","Greta Gerwig","Lady Bird","1983-08-04","top 500"
334,"nm3034977","2018-08-24","2018-08-24",4613,"points","Samara Weaving","Ready or Not","1992-02-23","top 500"
335,"nm0001788","2018-07-15","2018-07-19",4568,"points","Jessica Tandy","Driving Miss Daisy","1909-06-07","top 500"
336,"nm0381342","2018-08-08","2018-08-22",4546,"points","Hannah Herzsprung","The Reader","1981-09-07","top 500"
337,"nm0000223","2018-07-17","2021-05-15",4535,"points","Elisabeth Shue","Leaving Las Vegas","1963-10-06","top 500"
338,"nm0749104","2018-08-03","2021-05-26",4452,"points","Belén Rueda","El orfanato","1965-03-16","top 500"
339,"nm1890784","2022-06-26","2022-06-26",4445,"points","Michelle Dockery","Downton Abbey","1981-12-15","top 500"
340,"nm2163344","2018-08-21","2018-08-21",4423,"points","Ko Asung","Snowpiercer","1992-08-10","top 500"
341,"nm0240318","2018-08-02","2018-08-06",4387,"points","Lola Dueñas","Mar adentro","1971-10-06","top 500"
342,"nm0044073","2018-08-17","2018-08-17",4342,"points","Lubna Azabal","Incendies","1973-08-15","top 500"
343,"nm0000289","2018-08-06","2019-04-14",4324,"points","Ellen Barkin","The Fan","1954-04-16","top 500"
344,"nm0935541","2019-09-24","2019-09-24",4310,"points","Mary Elizabeth Winstead","10 Cloverfield Lane","1984-11-28","top 500"
345,"nm1443740","2018-08-16","2021-05-08",4306,"points","Zoe Kazan","Ruby Sparks","1983-09-09","top 500"
346,"nm0001631","2018-07-31","2018-08-15",4305,"points","Sarah Polley","Dawn of the Dead","1979-01-08","top 500"
347,"nm0000659","2018-08-03","2018-08-18",4293,"points","Barbra Streisand","Funny Girl","1942-04-24","top 500"
348,"nm0640323","2018-08-01","2018-08-01",4270,"points","Frances O'Connor","A.I. Artificial Intelligence","1967-06-12","top 500"
349,"nm0227039","2018-07-16","2020-12-23",4244,"points","Melinda Dillon","Magnolia","1939-10-13","top 500"
350,"nm0001041","2018-07-31","2018-08-01",4162,"points","Maggie Cheung","Fa yeung nin wah","1964-09-20","top 500"
351,"nm0001767","2018-07-20","2018-08-22",4134,"points","Imelda Staunton","Vera Drake","1956-01-09","top 500"
352,"nm0477810","2018-08-03","2018-08-03",4108,"points","Juliane Köhler","Der Untergang","1965-08-06","top 500"
353,"nm0000956","2018-07-18","2018-07-26",4077,"points","Lisa Bonet","Angel Heart","1967-11-16","top 500"
354,"nm0710658","2018-08-20","2018-08-20",4060,"points","Alexandra Rapaport","Gåsmamman","1971-12-26","top 500"
355,"nm0001404","2018-07-16","2020-12-30",4002,"points","Madeline Kahn","Paper Moon","1942-09-29","top 500"
356,"nm0252238","2018-08-17","2022-12-14",4001,"points","Carmen Ejogo","Selma","1973-10-22","top 500"
357,"nm0000593","2018-07-21","2018-08-07",3982,"points","Kelly Preston","Battlefield Earth","1962-10-13","top 500"
358,"nm0798971","2021-05-15","2021-05-15",3981,"points","Sarah Silverman","Wreck-It Ralph","1970-12-01","top 500"
359,"nm0001573","2019-01-28","2022-03-11",3965,"points","Catherine O'Hara","Best in Show","1954-03-04","top 500"
360,"nm0000002","2018-07-15","2018-08-02",3964,"points","Lauren Bacall","To Have and Have Not","1924-09-16","top 500"
361,"nm0001666","2018-07-15","2021-07-17",3964,"points","Debbie Reynolds","Singin' in the Rain","1932-04-01","top 500"
362,"nm0000267","2018-07-15","2018-07-15",3962,"points","Julie Andrews","The Sound of Music","1935-10-01","top 500"
363,"nm0267042","2018-08-08","2018-08-24",3932,"points","Golshifteh Farahani","Paterson","1983-07-10","top 500"
364,"nm0002106","2018-07-16","2018-07-16",3925,"points","Ruth Gordon","Rosemary's Baby","1896-10-30","top 500"
365,"nm0000931","2018-07-17","2018-07-17",3902,"points","Elizabeth Berridge","Amadeus","1962-05-02","top 500"
366,"nm4456120","2021-11-26","2021-11-26",3898,"points","Elizabeth Debicki","The Great Gatsby","1990-08-24","top 500"
367,"nm0000017","2018-07-15","2018-07-15",3842,"points","Marlene Dietrich","Witness for the Prosecution","1901-12-27","top 500"
368,"nm5637553","2020-12-25","2020-12-25",3829,"points","Laura Harrier","Spider-Man: Homecoming","1990-03-28","top 500"
369,"nm0221046","2018-08-08","2018-08-08",3824,"points","Zooey Deschanel","New Girl","1980-01-17","top 500"
370,"nm0004647","2018-07-23","2018-07-23",3808,"points","Carroll Baker","Baby Doll","1931-05-28","top 500"
371,"nm1128572","2018-08-10","2018-08-19",3780,"points","Lake Bell","In a World...","1979-03-24","top 500"
372,"nm0000054","2018-07-15","2018-07-15",3774,"points","Marilyn Monroe","Some Like It Hot","1926-06-01","top 500"
373,"nm0000761","2018-07-15","2020-04-23",3753,"points","Bibi Andersson","Persona","1935-11-11","top 500"
374,"nm0098378","2018-08-09","2018-08-22",3720,"points","Kate Bosworth","Superman Returns","1983-01-02","top 500"
375,"nm1011070","2018-08-16","2018-08-20",3683,"points","Marta Etura","Ofrenda a la tormenta","1978-10-28","top 500"
376,"nm0001020","2018-07-22","2021-05-25",3634,"points","Katrin Cartlidge","Breaking the Waves","1961-05-15","top 500"
377,"nm0000298","2018-07-17","2021-05-16",3608,"points","Candice Bergen","Miss Congeniality","1946-05-09","top 500"
378,"nm9681752","2021-09-08","2021-09-08",3590,"points","Julia Fox","Uncut Gems","1990-02-02","top 500"
379,"nm0579953","2021-09-08","2021-09-08",3590,"points","Idina Menzel","Frozen","1971-05-30","top 500"
380,"nm0005009","2018-08-01","2018-08-01",3583,"points","Laura Harring","Mulholland Dr.","1964-03-03","top 500"
381,"nm0748973","2018-08-17","2018-08-19",3573,"points","Maya Rudolph","Bridesmaids","1972-07-27","top 500"
382,"nm0000326","2018-08-17","2021-08-18",3556,"points","Kim Cattrall","Sex and the City 2","1956-08-21","top 500"
383,"nm0647634","2018-08-20","2018-08-24",3524,"points","Elizabeth Olsen","Martha Marcy May Marlene","1989-02-16","top 500"
384,"nm0000675","2018-07-20","2019-12-18",3496,"points","Jeanne Tripplehorn","Basic Instinct","1963-06-10","top 500"
385,"nm0001375","2018-07-15","2018-07-16",3439,"points","Kim Hunter","A Streetcar Named Desire","1922-11-12","top 500"
386,"nm0000534","2018-07-17","2018-07-18",3411,"points","Kelly McGillis","Witness","1957-07-09","top 500"
387,"nm0002663","2018-07-18","2021-03-04",3393,"points","Diane Ladd","Wild at Heart","1935-11-29","top 500"
388,"nm0002114","2018-07-17","2019-10-19",3384,"points","Kim Greist","Brazil","1958-05-12","top 500"
389,"nm2358540","2021-05-23","2021-05-23",3377,"points","Natalie Martinez","Death Race","1984-07-12","top 500"
390,"nm0001453","2018-07-15","2022-09-09",3373,"points","Piper Laurie","The Hustler","1932-01-22","top 500"
391,"nm0368689","2018-08-19","2018-08-19",3357,"points","Leila Hatami","Jodaeiye Nader az Simin","1972-10-01","top 500"
392,"nm0000515","2018-08-03","2018-08-23",3338,"points","Virginia Madsen","Sideways","1961-09-11","top 500"
393,"nm0046277","2018-08-20","2018-08-20",3315,"points","Bae Doona","Cloud Atlas","1979-10-11","top 500"
394,"nm0955782","2018-08-20","2018-08-20",3315,"points","Xun Zhou","Li Mi De Cai Xiang","1974-10-18","top 500"
395,"nm3043279","2018-08-19","2018-08-22",3275,"points","Vicky Krieps","Phantom Thread","1983-10-04","top 500"
396,"nm0328751","2022-11-07","2022-11-07",3264,"points","Caroline Goodall","Disclosure","1959-11-13","top 500"
397,"nm0000084","2018-08-04","2021-10-13",3222,"points","Gong Li","Man cheng jin dai huang jin jia","1965-12-31","top 500"
398,"nm0005261","2018-07-30","2018-08-02",3216,"points","Brittany Murphy","Clueless","1977-11-10","top 500"
399,"nm0384908","2018-07-16","2018-07-17",3215,"points","Wendy Hiller","Murder on the Orient Express","1912-08-15","top 500"
400,"nm1875238","2021-05-21","2021-05-21",3214,"points","Jessica Barden","Hanna","1992-07-21","top 500"
401,"nm0885098","2018-07-15","2022-05-21",3211,"points","Alida Valli","The Third Man","1921-05-31","top 500"
402,"nm0001605","2018-08-02","2018-08-04",3196,"points","Amanda Peet","2012","1972-01-11","top 500"
403,"nm0000031","2018-07-14","2018-07-16",3190,"points","Katharine Hepburn","The Lion in Winter","1907-05-12","top 500"
404,"nm3512758","2020-03-16","2020-03-16",3189,"points","Sarah Snook","Predestination","1987-12-01","top 500"
405,"nm0001859","2018-07-15","2018-07-16",3166,"points","Shelley Winters","The Poseidon Adventure","1920-08-18","top 500"
406,"nm0000207","2018-07-24","2018-08-02",3163,"points","Christina Ricci","Casper","1980-02-12","top 500"
407,"nm0000678","2018-07-17","2018-07-30",3131,"points","Kathleen Turner","Romancing the Stone","1954-06-19","top 500"
408,"nm2605345","2018-08-08","2018-08-08",3128,"points","Gemma Arterton","Prince of Persia: The Sands of Time","1986-02-02","top 500"
409,"nm0001335","2018-07-15","2018-10-14",3117,"points","Tippi Hedren","The Birds","1930-01-19","top 500"
410,"nm0841797","2018-07-15","2018-07-15",3091,"points","Gloria Swanson","Sunset Blvd.","1899-03-27","top 500"
411,"nm0126284","2019-12-29","2019-12-29",3075,"points","Rose Byrne","Spy","1979-07-24","top 500"
412,"nm0623658","2018-07-15","2018-07-15",3065,"points","Patricia Neal","Hud","1926-01-20","top 500"
413,"nm1271759","2018-08-05","2018-08-05",3050,"points","Sara Forestier","Le nom des gens","1986-10-04","top 500"
414,"nm0000737","2018-07-16","2018-07-17",3040,"points","Jane Alexander","Kramer vs. Kramer","1939-10-28","top 500"
415,"nm0245988","2018-07-27","2018-08-22",3011,"points","Trine Dyrholm","Dronningen","1972-04-15","top 500"
416,"nm0375609","2018-07-14","2021-04-13",2963,"points","Brigitte Helm","Metropolis","1906-03-17","top 500"
417,"nm0176882","2018-08-02","2018-08-02",2937,"points","A.J. Cook","Criminal Minds","1978-07-22","top 500"
418,"nm0001461","2018-07-31","2018-07-31",2907,"points","Virginie Ledoyen","8 femmes","1976-11-15","top 500"
419,"nm0000330","2018-07-17","2018-07-21",2895,"points","Stockard Channing","Practical Magic","1944-02-13","top 500"
420,"nm0544334","2018-08-22","2018-08-22",2887,"points","Lesley Manville","Phantom Thread","1956-03-12","top 500"
421,"nm0000205","2018-08-24","2021-01-06",2881,"points","Parker Posey","Scream 3","1968-11-08","top 500"
422,"nm0000542","2018-07-20","2018-07-20",2839,"points","Penelope Ann Miller","Carlito's Way","1964-01-13","top 500"
423,"nm0001049","2018-08-19","2018-08-19",2839,"points","Jill Clayburgh","Bridesmaids","1944-04-30","top 500"
424,"nm0000378","2018-07-21","2018-07-21",2800,"points","Minnie Driver","Circle of Friends","1970-01-31","top 500"
425,"nm7340546","2020-03-09","2021-05-25",2797,"points","Eliza Scanlen","Little Women","1999-01-06","top 500"
426,"nm0000167","2021-12-25","2021-12-25",2788,"points","Elizabeth Hurley","Austin Powers: International Man of Mystery","1965-06-10","top 500"
427,"nm0005253","2018-08-24","2018-08-24",2774,"points","Elisabeth Moss","The Invisible Man","1982-07-24","top 500"
428,"nm0728938","2018-08-20","2021-07-14",2756,"points","Emmanuelle Riva","Hiroshima mon amour","1927-02-24","top 500"
429,"nm0914455","2018-08-02","2018-08-06",2712,"points","Leonor Watling","The Oxford Murders","1975-07-28","top 500"
430,"nm0940946","2018-07-20","2018-07-20",2710,"points","Joanne Woodward","Rachel, Rachel","1930-02-27","top 500"
431,"nm0001482","2018-07-22","2018-07-30",2698,"points","Courtney Love","The People vs. Larry Flynt","1964-07-09","top 500"
432,"nm0000366","2018-07-15","2018-07-31",2672,"points","Catherine Deneuve","Belle de jour","1943-10-22","top 500"
433,"nm1720028","2018-08-23","2018-08-23",2661,"points","Amber Heard","Aquaman","1986-04-22","top 500"
434,"nm0000733","2018-07-15","2018-07-15",2656,"points","Anouk Aimée","8½","1932-04-27","top 500"
435,"nm0353546","2020-08-19","2020-08-19",2641,"points","Julie Hagerty","Freddy Got Fingered","1955-06-15","top 500"
436,"nm0897845","2018-08-15","2018-08-15",2629,"points","Soledad Villamil","El secreto de sus ojos","1969-06-19","top 500"
437,"nm0116254","2018-08-04","2018-08-04",2615,"points","Valeria Bruni Tedeschi","Il est plus facile pour un chameau...","1964-11-16","top 500"
438,"nm0000624","2018-07-18","2018-07-18",2555,"points","Laura San Giacomo","Sex, Lies, and Videotape","1962-11-14","top 500"
439,"nm0000096","2018-08-06","2018-08-06",2511,"points","Gillian Anderson","The X Files","1968-08-09","top 500"
440,"nm0005203","2018-08-01","2018-08-01",2506,"points","Mary McCormack","Deep Impact","1969-02-08","top 500"
441,"nm0815370","2019-04-28","2019-04-28",2492,"points","Shannyn Sossamon","Wristcutters: A Love Story","1978-10-03","top 500"
442,"nm0359652","2018-08-06","2018-08-07",2461,"points","Marina Hands","Lady Chatterley","1975-01-10","top 500"
443,"nm0905676","2021-05-26","2021-05-26",2460,"points","Ana Wagener","Biutiful","","top 500"
444,"nm1036659","2021-05-26","2021-05-26",2460,"points","Bárbara Lennie","Magical Girl","1984-04-20","top 500"
445,"nm0000012","2018-07-15","2018-07-15",2457,"points","Bette Davis","All About Eve","1908-04-05","top 500"
446,"nm0000404","2018-08-21","2018-08-23",2440,"points","Jane Fonda","Klute","1937-12-21","top 500"
447,"nm0000879","2018-07-15","2018-07-15",2440,"points","Anne Baxter","All About Eve","1923-05-07","top 500"
448,"nm0000072","2018-07-15","2019-10-27",2436,"points","Elizabeth Taylor","Who's Afraid of Virginia Woolf?","1932-02-27","top 500"
449,"nm0000272","2018-08-06","2019-04-10",2426,"points","Fanny Ardant","8 femmes","1949-03-22","top 500"
450,"nm0942863","2018-07-14","2018-08-03",2415,"points","Teresa Wright","Shadow of a Doubt","1918-10-27","top 500"
451,"nm0001713","2018-07-21","2018-07-21",2409,"points","Izabella Scorupco","GoldenEye","1970-06-04","top 500"
452,"nm0272581","2018-08-24","2018-08-24",2388,"points","Rebecca Ferguson","The Greatest Showman","1983-10-19","top 500"
453,"nm0000556","2018-07-17","2018-07-17",2368,"points","Olivia Newton-John","Grease","1948-09-26","top 500"
454,"nm0000781","2018-07-17","2018-07-17",2368,"points","Eve Arden","Our Miss Brooks","1908-04-30","top 500"
455,"nm0000951","2018-07-17","2018-07-17",2368,"points","Joan Blondell","Grease","1906-08-30","top 500"
456,"nm0175931","2018-08-07","2018-08-24",2333,"points","Anne Consigny","Elle","1963-05-25","top 500"
457,"nm0001711","2018-07-24","2018-07-27",2331,"points","Annabella Sciorra","The Hand That Rocks the Cradle","1960-03-29","top 500"
458,"nm0796662","2018-07-22","2018-07-22",2326,"points","Sylvia Sidney","Beetle Juice","1910-08-08","top 500"
459,"nm0001797","2018-07-20","2018-07-20",2325,"points","Rachel Ticotin","Total Recall","1958-11-01","top 500"
460,"nm0142972","2018-12-18","2018-12-18",2283,"points","Amira Casar","Call Me by Your Name","1971-05-01","top 500"
461,"nm0000884","2018-08-17","2018-08-17",2280,"points","Jennifer Beals","Flashdance","1963-12-19","top 500"
462,"nm0892299","2018-08-07","2018-08-07",2273,"points","Manuela Velasco","[Rec]","1975-10-23","top 500"
463,"nm0000612","2018-07-29","2018-07-30",2257,"points","Denise Richards","The World Is Not Enough","1971-02-17","top 500"
464,"nm0000081","2018-07-15","2018-07-15",2256,"points","Natalie Wood","Rebel Without a Cause","1938-07-20","top 500"
465,"nm0000262","2018-07-17","2018-07-18",2255,"points","Nancy Allen","RoboCop","1950-06-24","top 500"
466,"nm0000724","2018-07-17","2020-09-01",2246,"points","Brooke Adams","Invasion of the Body Snatchers","1949-02-08","top 500"
467,"nm0231436","2019-06-27","2022-02-09",2221,"points","Dagmara Dominczyk","The Count of Monte Cristo","1976-07-17","top 500"
468,"nm0765911","2018-08-02","2018-08-02",2214,"points","Katrin Sass","Good Bye Lenin!","1956-10-23","top 500"
469,"nm0000613","2021-09-08","2021-09-08",2205,"points","Joely Richardson","Nip/Tuck","1965-01-09","top 500"
470,"nm0720671","2021-09-08","2021-09-08",2205,"points","Thekla Reuten","In Bruges","1975-09-16","top 500"
471,"nm0000486","2018-09-25","2018-09-25",2197,"points","Heather Langenkamp","A Nightmare on Elm Street","1964-07-17","top 500"
472,"nm0086867","2018-09-25","2018-09-25",2197,"points","Ronee Blakley","Nashville","1945-08-24","top 500"
473,"nm1455681","2022-06-13","2022-06-13",2196,"points","AnnaSophia Robb","Bridge to Terabithia","1993-12-08","top 500"
474,"nm0515116","2018-08-20","2018-08-24",2179,"points","Blake Lively","Gossip Girl","1987-08-25","top 500"
475,"nm0000505","2022-04-26","2022-04-26",2175,"points","Nia Long","The Best Man","1970-10-30","top 500"
476,"nm0001766","2018-07-14","2018-07-14",2166,"points","Barbara Stanwyck","Double Indemnity","1907-07-16","top 500"
477,"nm0006471","2018-07-14","2018-07-15",2149,"points","Elsa Lanchester","Witness for the Prosecution","1902-10-28","top 500"
478,"nm0000802","2018-07-14","2018-07-14",2143,"points","Mary Astor","The Maltese Falcon","1906-05-03","top 500"
479,"nm0001665","2018-07-15","2018-07-16",2120,"points","Lee Remick","Anatomy of a Murder","1935-12-14","top 500"
480,"nm0000700","2018-07-17","2021-04-30",2074,"points","Debra Winger","Terms of Endearment","1955-05-16","top 500"
481,"nm0001339","2021-04-26","2021-04-26",2068,"points","Marg Helgenberger","CSI: Crime Scene Investigation","1958-11-16","top 500"
482,"nm1263939","2021-04-26","2021-04-26",2068,"points","Danielle Panabaker","The Flash","1987-09-19","top 500"
483,"nm4141252","2020-02-09","2022-02-09",2053,"points","Lily James","Cinderella","1989-04-05","top 500"
484,"nm0001376","2018-08-20","2018-08-24",2051,"points","Isabelle Huppert","Elle","1953-03-16","top 500"
485,"nm0428121","2021-01-01","2021-01-01",2038,"points","Gemma Jones","Sense and Sensibility","1942-12-04","top 500"
486,"nm0880521","2018-07-16","2018-07-16",2032,"points","Liv Ullmann","Viskningar och rop","1938-12-16","top 500"
487,"nm0795517","2018-08-01","2018-08-01",2029,"points","Shu Qi","The Transporter","1976-04-16","top 500"
488,"nm0000446","2018-07-17","2018-07-17",1988,"points","Mariel Hemingway","Manhattan","1961-11-22","top 500"
489,"nm1111968","2021-05-03","2021-05-03",1984,"points","Alexa Davalos","The Chronicles of Riddick","1982-05-28","top 500"
490,"nm0001943","2018-07-16","2018-07-16",1981,"points","Marisa Berenson","Cabaret","1947-02-15","top 500"
491,"nm0853040","2021-11-04","2021-11-04",1950,"points","Regina Taylor","Courage Under Fire","1960-08-22","top 500"
492,"nm0240359","2018-08-22","2018-08-22",1945,"points","Anne-Marie Duff","Nowhere Boy","1970-10-08","top 500"
493,"nm0824785","2018-07-27","2018-08-05",1923,"points","Paprika Steen","Applaus","1964-11-03","top 500"
494,"nm0005386","2018-07-30","2020-02-09",1916,"points","Cecilia Roth","Todo sobre mi madre","1956-08-08","top 500"
495,"nm1495520","2020-02-09","2020-02-09",1915,"points","Caitríona Balfe","Belfast","1979-10-04","top 500"
496,"nm0001388","2018-07-16","2018-07-16",1911,"points","Amy Irving","Traffic","1953-09-10","top 500"
497,"nm0000360","2018-07-19","2021-01-16",1905,"points","Rebecca De Mornay","The Hand That Rocks the Cradle","1959-08-29","top 500"
498,"nm0038680","2021-06-29","2021-06-29",1901,"points","Ashanti","Coach Carter","1980-10-13","top 500"
499,"nm0211087","2018-08-17","2018-08-17",1891,"points","Emilie de Ravin","Remember Me","1981-12-27","top 500"
500,"nm1300303","2018-08-19","2018-08-19",1862,"points","Svetlana Khodchenkova","Tinker Tailor Soldier Spy","1983-01-21","top 500"
501,"nm0025745","2018-08-19","2018-08-19",1832,"points","Elena Anaya","La piel que habito","1975-07-17","top 1000"
502,"nm0000506","2018-08-22","2018-08-22",1830,"points","Julia Louis-Dreyfus","Seinfeld","1961-01-13","top 1000"
503,"nm0027683","2018-08-02","2018-08-02",1801,"points","Harriet Andersson","Viskningar och rop","1932-02-14","top 1000"
504,"nm0674231","2022-08-27","2022-08-27",1786,"points","Rhea Perlman","Cheers","1948-03-31","top 1000"
505,"nm0933798","2022-08-27","2022-08-27",1786,"points","Mara Wilson","Matilda","1987-07-24","top 1000"
506,"nm0001110","2022-08-27","2022-08-27",1786,"points","Embeth Davidtz","Bicentennial Man","1965-08-11","top 1000"
507,"nm0274913","2022-08-27","2022-08-27",1786,"points","Pam Ferris","Matilda","1948-05-11","top 1000"
508,"nm0001413","2019-07-11","2019-07-11",1778,"points","Julie Kavner","The Simpsons","1950-09-07","top 1000"
509,"nm0488053","2018-08-16","2018-08-23",1756,"points","Ursina Lardi","Lore","1970-12-19","top 1000"
510,"nm0004695","2018-08-08","2018-08-18",1750,"points","Jessica Alba","Fantastic Four","1981-04-28","top 1000"
511,"nm0208426","2018-08-18","2020-03-11",1745,"points","Cécile de France","L'auberge espagnole","1975-07-17","top 1000"
512,"nm0002141","2018-07-15","2018-07-15",1736,"points","Celeste Holm","All About Eve","1917-04-29","top 1000"
513,"nm0000524","2018-07-19","2018-07-20",1726,"points","Mary Stuart Masterson","Benny & Joon","1966-06-28","top 1000"
514,"nm0254712","2022-11-12","2022-11-12",1726,"points","Aunjanue Ellis","King Richard","1969-02-21","top 1000"
515,"nm2461627","2018-08-07","2018-08-07",1723,"points","Markéta Irglová","Once","1988-02-28","top 1000"
516,"nm0590452","2018-07-15","2018-07-15",1705,"points","Sandra Milo","8½","1933-03-11","top 1000"
517,"nm0001851","2018-07-17","2022-03-13",1701,"points","JoBeth Williams","Poltergeist","1948-12-06","top 1000"
518,"nm0868479","2018-07-22","2018-08-09",1696,"points","Ana Torrent","El nido","1966-07-12","top 1000"
519,"nm0282936","2018-08-02","2018-08-02",1694,"points","Rosario Flores","Hable con ella","1963-11-04","top 1000"
520,"nm2976580","2022-02-09","2022-06-23",1679,"points","Jessie Buckley","I'm Thinking of Ending Things","1989-12-28","top 1000"
521,"nm2142336","2021-05-25","2021-05-25",1674,"points","Riley Keough","Mad Max: Fury Road","1989-05-29","top 1000"
522,"nm0001393","2018-07-19","2018-07-20",1632,"points","Irène Jacob","La double vie de Véronique","1966-07-15","top 1000"
523,"nm0000795","2018-07-14","2018-10-15",1623,"points","Jean Arthur","Mr. Smith Goes to Washington","1900-10-17","top 1000"
524,"nm0001739","2018-07-15","2018-07-15",1616,"points","Jean Simmons","Guys and Dolls","1929-01-31","top 1000"
525,"nm0701012","2018-07-14","2018-07-14",1600,"points","Edna Purviance","A Woman of Paris: A Drama of Fate","1895-10-21","top 1000"
526,"nm0001236","2022-09-22","2022-09-22",1580,"points","Meg Foster","They Live","1948-05-10","top 1000"
527,"nm0000182","2018-07-26","2018-07-27",1578,"points","Jennifer Lopez","Hustlers","1969-07-24","top 1000"
528,"nm0000266","2018-07-15","2018-07-15",1575,"points","Ursula Andress","Dr. No","1936-03-19","top 1000"
529,"nm0000021","2018-07-14","2018-07-14",1573,"points","Joan Fontaine","Suspicion","1917-10-22","top 1000"
530,"nm0556399","2018-07-15","2018-07-15",1570,"points","Giulietta Masina","Le notti di Cabiria","1921-02-22","top 1000"
531,"nm1782299","2021-08-30","2021-08-30",1553,"points","Imogen Poots","Vivarium","1989-06-03","top 1000"
532,"nm0593310","2022-06-18","2022-06-18",1549,"points","Elizabeth Mitchell","The Purge: Election Year","1970-03-27","top 1000"
533,"nm0756203","2018-08-02","2018-08-06",1544,"points","Ludivine Sagnier","Lupin","1979-07-03","top 1000"
534,"nm1195119","2020-03-26","2020-03-26",1516,"points","Kim Min-hee","Ah-ga-ssi","1982-03-01","top 1000"
535,"nm3892241","2020-03-26","2020-03-26",1516,"points","Kim Tae-ri","Ah-ga-ssi","1990-04-24","top 1000"
536,"nm0517820","2018-07-29","2018-08-06",1515,"points","Lindsay Lohan","The Parent Trap","1986-07-02","top 1000"
537,"nm0000105","2019-10-26","2019-10-26",1514,"points","Adrienne Barbeau","Escape from New York","1945-06-11","top 1000"
538,"nm0560962","2018-08-06","2018-08-06",1493,"points","Carmen Maura","Mujeres al borde de un ataque de ""nervios""","1945-09-15","top 1000"
539,"nm0000426","2018-11-14","2018-11-14",1492,"points","Jennifer Grey","Dirty Dancing","1960-03-26","top 1000"
540,"nm0001614","2018-07-19","2018-07-19",1455,"points","Lori Petty","Tank Girl","1963-10-14","top 1000"
541,"nm0001951","2018-07-31","2018-07-31",1423,"points","Björk","Dancer in the Dark","1965-11-21","top 1000"
542,"nm0862026","2018-07-15","2018-07-15",1410,"points","Ingrid Thulin","Viskningar och rop","1926-01-27","top 1000"
543,"nm0001615","2019-01-27","2019-01-27",1375,"points","Elizabeth Peña","Rush Hour","1959-09-23","top 1000"
544,"nm0004418","2018-08-17","2018-08-17",1370,"points","Kajol","Fanaa","1974-08-05","top 1000"
545,"nm0528987","2018-07-15","2018-07-15",1369,"points","Sue Lyon","Lolita","1946-07-10","top 1000"
546,"nm3239803","2021-10-31","2021-10-31",1365,"points","Kaitlyn Dever","Booksmart","1996-12-21","top 1000"
547,"nm3159825","2018-08-17","2018-08-17",1353,"points","Maricel Álvarez","Biutiful","","top 1000"
548,"nm0666788","2018-08-09","2018-08-09",1332,"points","Christiane Paul","Im Juli","1974-03-08","top 1000"
549,"nm0565250","2018-08-22","2018-08-22",1317,"points","Melissa McCarthy","The Heat","1970-08-26","top 1000"
550,"nm0000333","2018-07-18","2018-08-18",1292,"points","Cher","Moonstruck","1946-05-20","top 1000"
551,"nm0001273","2018-07-15","2018-07-15",1289,"points","Lillian Gish","The Night of the Hunter","1893-10-14","top 1000"
552,"nm0336531","2018-07-15","2018-07-15",1253,"points","Coleen Gray","The Killing","1922-10-23","top 1000"
553,"nm0768058","2018-08-01","2018-08-01",1250,"points","Andrea Sawatzki","Tatort","1963-02-23","top 1000"
554,"nm0094081","2019-03-07","2019-03-07",1237,"points","Natalya Bondarchuk","Solyaris","1950-05-10","top 1000"
555,"nm1267552","2018-08-17","2018-08-24",1228,"points","Taraneh Alidoosti","Forushande","1984-01-12","top 1000"
556,"nm0000302","2018-07-16","2018-07-16",1226,"points","Jacqueline Bisset","Bullitt","1944-09-13","top 1000"
557,"nm0219990","2019-11-06","2019-11-06",1222,"points","Kassie Wesley DePaiva","One Life to Live","1961-03-21","top 1000"
558,"nm0005501","2018-08-22","2018-08-22",1221,"points","Lorraine Toussaint","Hudson Hawk","1960-04-04","top 1000"
559,"nm0001496","2018-12-30","2018-12-30",1220,"points","Amy Madigan","Field of Dreams","1950-09-11","top 1000"
560,"nm1555340","2018-08-24","2018-08-24",1211,"points","Alison Brie","GLOW","1982-12-29","top 1000"
561,"nm0660327","2018-07-15","2018-07-16",1208,"points","Irene Papas","The Guns of Navarone","1929-09-03","top 1000"
562,"nm0246686","2021-06-24","2021-06-24",1200,"points","Melonie Diaz","Fruitvale Station","1984-04-25","top 1000"
563,"nm0001055","2018-07-14","2018-07-14",1199,"points","Claudette Colbert","It Happened One Night","1903-09-13","top 1000"
564,"nm0000627","2018-07-19","2021-09-10",1197,"points","Greta Scacchi","The Player","1960-02-18","top 1000"
565,"nm1155977","2020-02-09","2021-05-24",1185,"points","Nora Navas","Dolor y gloria","1975-04-24","top 1000"
566,"nm0006800","2018-07-16","2019-10-27",1175,"points","Sandy Dennis","Who's Afraid of Virginia Woolf?","1937-04-27","top 1000"
567,"nm0452288","2018-07-17","2018-07-17",1171,"points","Margot Kidder","Superman","1948-10-17","top 1000"
568,"nm0107281","2020-12-30","2020-12-30",1171,"points","Eileen Brennan","Clue","1932-09-03","top 1000"
569,"nm0000690","2020-12-30","2020-12-30",1171,"points","Lesley Ann Warren","Victor/Victoria","1946-08-16","top 1000"
570,"nm0001156","2018-07-18","2018-07-18",1169,"points","Olympia Dukakis","Moonstruck","1931-06-20","top 1000"
571,"nm0856500","2018-08-07","2018-08-07",1160,"points","Sylvie Testud","La Môme","1971-01-17","top 1000"
572,"nm6073955","2020-03-09","2020-03-09",1123,"points","Florence Pugh","The Falling","1996-01-03","top 1000"
573,"nm0000256","2018-07-17","2018-07-17",1121,"points","Jenny Agutter","Logan's Run","1952-12-20","top 1000"
574,"nm1635244","2022-06-18","2022-06-18",1111,"points","Susan Kelechi Watson","This Is Us","1981-11-11","top 1000"
575,"nm0001560","2018-08-20","2018-08-20",1098,"points","Ornella Muti","Flash Gordon","1955-03-09","top 1000"
576,"nm3381295","2022-02-09","2022-02-09",1085,"points","Alexandra Shipp","X-Men: Apocalypse","1991-07-16","top 1000"
577,"nm0895759","2020-10-14","2020-10-14",1081,"points","Karin Viard","Polisse","1966-01-24","top 1000"
578,"nm0235342","2020-10-14","2020-10-14",1081,"points","Marie-Laure Dougnac","Delicatessen","","top 1000"
579,"nm0889522","2021-10-10","2021-10-10",1075,"points","Nia Vardalos","My Big Fat Greek Wedding","1962-09-24","top 1000"
580,"nm0478165","2018-08-16","2018-08-16",1071,"points","Steffi Kühnert","Halt auf freier Strecke","1963-02-19","top 1000"
581,"nm2178959","2018-08-16","2018-08-16",1053,"points","Lily Cole","Snow White and the Huntsman","1987-12-27","top 1000"
582,"nm0002062","2021-01-18","2021-01-18",1053,"points","Kathryn Erbe","Stir of Echoes","1965-07-05","top 1000"
583,"nm0001152","2021-01-18","2021-01-18",1053,"points","Illeana Douglas","Stir of Echoes","1961-07-25","top 1000"
584,"nm1227814","2022-12-19","2022-12-19",1046,"points","Vanessa Hudgens","High School Musical 3: Senior Year","1988-12-14","top 1000"
585,"nm1411125","2022-12-19","2022-12-19",1046,"points","Selena Gomez","Spring Breakers","1992-07-22","top 1000"
586,"nm1667364","2022-12-19","2022-12-19",1046,"points","Ashley Benson","Spring Breakers","1989-12-18","top 1000"
587,"nm2540339","2022-12-19","2022-12-19",1046,"points","Rachel Korine","Spring Breakers","1986-04-04","top 1000"
588,"nm0320760","2018-08-04","2018-08-04",1030,"points","Annie Girardot","La pianiste","1931-10-25","top 1000"
589,"nm0000819","2018-07-16","2018-07-16",1029,"points","Barbara Bach","The Spy Who Loved Me","1946-08-28","top 1000"
590,"nm0001040","2018-07-18","2018-07-18",1027,"points","Joan Chen","The Last Emperor","1961-04-26","top 1000"
591,"nm0253708","2022-06-02","2022-06-02",1026,"points","Kimberly Elise","The Manchurian Candidate","1967-04-17","top 1000"
592,"nm0810619","2022-06-02","2022-06-02",1026,"points","Jurnee Smollett","Birds of Prey and the Fantabulous Emancipation of One Harley Quinn","1986-10-01","top 1000"
593,"nm0603446","2018-08-06","2018-08-06",1018,"points","Yolande Moreau","Quand la mer monte...","1953-02-27","top 1000"
594,"nm0516800","2018-07-16","2018-07-16",1016,"points","Sondra Locke","Every Which Way but Loose","1944-05-28","top 1000"
595,"nm0000176","2018-07-17","2019-01-27",1014,"points","Nastassja Kinski","Tess","1961-01-24","top 1000"
596,"nm0591877","2018-08-06","2018-08-06",990,"points","Miou-Miou","La science des rêves","1950-02-22","top 1000"
597,"nm10289762","2022-09-11","2022-09-11",990,"points","Shuzhen Zhao","The Farewell","","top 1000"
598,"nm5377144","2022-09-11","2022-09-11",990,"points","Awkwafina","Ocean's Eight","1988-06-02","top 1000"
599,"nm0001450","2018-07-15","2018-07-15",984,"points","Angela Lansbury","The Manchurian Candidate","1925-10-16","top 1000"
600,"nm1411125","2021-06-15","2021-06-15",979,"points","Selena Gomez","Spring Breakers","1992-07-22","top 1000"
601,"nm2303079","2021-06-15","2021-06-15",979,"points","Megan Ferguson","Curb Your Enthusiasm","","top 1000"
602,"nm0396924","2018-08-06","2018-08-06",977,"points","Carice van Houten","Game of Thrones","1976-09-05","top 1000"
603,"nm0781029","2018-07-15","2019-08-26",975,"points","Jean Seberg","À bout de souffle","1938-11-13","top 1000"
604,"nm0000922","2018-07-17","2018-07-17",974,"points","Sandahl Bergman","Conan the Barbarian","1951-11-14","top 1000"
605,"nm0335519","2018-07-16","2018-07-16",965,"points","Lee Grant","In the Heat of the Night","1925-10-31","top 1000"
606,"nm0001670","2018-07-29","2018-07-29",961,"points","Natasha Richardson","Asylum","1963-05-11","top 1000"
607,"nm3827455","2021-12-19","2021-12-19",959,"points","Lili Simmons","Banshee","1993-07-23","top 1000"
608,"nm0797531","2018-07-15","2018-07-15",955,"points","Simone Signoret","Les diaboliques","1921-03-25","top 1000"
609,"nm0636942","2018-08-18","2018-08-18",953,"points","Bojana Novakovic","Devil","1981-07-12","top 1000"
610,"nm0001179","2018-07-15","2018-07-15",951,"points","Anita Ekberg","La dolce vita","1931-09-29","top 1000"
611,"nm2747232","2020-05-23","2020-05-23",945,"points","Sakura Andô","Manbiki kazoku","1986-02-18","top 1000"
612,"nm0452817","2020-05-23","2020-05-23",945,"points","Kirin Kiki","Manbiki kazoku","1943-01-15","top 1000"
613,"nm0000271","2018-07-18","2018-07-18",942,"points","Anne Archer","Fatal Attraction","1947-08-24","top 1000"
614,"nm3467663","2021-05-26","2021-05-26",933,"points","Aura Garrido","El ministerio del tiempo","1989-05-29","top 1000"
615,"nm1231899","2022-09-19","2022-09-19",908,"points","Priyanka Chopra Jonas","Baywatch","1982-07-18","top 1000"
616,"nm0396125","2018-08-22","2018-08-22",900,"points","Nina Hoss","Phoenix","1975-07-07","top 1000"
617,"nm0427066","2018-07-21","2018-07-21",889,"points","Mirjana Jokovic","Maid in Manhattan","1967-11-24","top 1000"
618,"nm0438905","2018-07-21","2018-07-21",889,"points","Mirjana Karanovic","Dobra zena","1957-01-28","top 1000"
619,"nm0001419","2018-07-16","2018-07-16",888,"points","Sally Kellerman","M*A*S*H","1937-06-02","top 1000"
620,"nm2130040","2020-12-08","2020-12-08",884,"points","Alba Rohrwacher","Hungry Hearts","1979-02-27","top 1000"
621,"nm0810738","2020-12-08","2020-12-08",884,"points","Kasia Smutniak","Perfetti sconosciuti","1979-08-13","top 1000"
622,"nm0266029","2021-04-12","2021-04-12",881,"points","Maria Falconetti","La passion de Jeanne d'Arc","1892-07-21","top 1000"
623,"nm0510857","2018-07-20","2018-07-20",877,"points","Brigitte Lin","Ging chaat goo si","1954-11-03","top 1000"
624,"nm0164883","2018-07-14","2018-07-14",875,"points","Mae Clarke","Frankenstein","1910-08-16","top 1000"
625,"nm0231652","2018-07-18","2018-07-18",869,"points","Solveig Dommartin","Bis ans Ende der Welt","1961-05-16","top 1000"
626,"nm0000962","2018-07-17","2018-07-17",862,"points","Carole Bouquet","For Your Eyes Only","1957-08-18","top 1000"
627,"nm0878240","2018-07-15","2018-07-15",860,"points","Rita Tushingham","The Knack ...and How to Get It","1942-03-14","top 1000"
628,"nm0000224","2018-08-24","2018-08-24",858,"points","Alicia Silverstone","Clueless","1976-10-04","top 1000"
629,"nm0000443","2018-07-19","2018-07-19",850,"points","Goldie Hawn","Private Benjamin","1945-11-21","top 1000"
630,"nm0942039","2018-07-14","2018-07-14",841,"points","Fay Wray","King Kong","1907-09-15","top 1000"
631,"nm0461498","2018-08-06","2018-08-06",840,"points","Beyoncé","Dreamgirls","1981-09-04","top 1000"
632,"nm1617685","2018-08-06","2018-08-06",840,"points","Jennifer Hudson","Dreamgirls","1981-09-12","top 1000"
633,"nm0001095","2018-07-19","2018-07-19",838,"points","Béatrice Dalle","À l'intérieur","1964-12-19","top 1000"
634,"nm0196820","2018-07-14","2018-07-14",837,"points","Lil Dagover","Das Cabinet des Dr. Caligari","1887-09-30","top 1000"
635,"nm0000117","2018-07-29","2018-07-29",832,"points","Neve Campbell","Scream","1973-10-03","top 1000"
636,"nm0485509","2018-07-14","2018-07-14",828,"points","Priscilla Lane","Arsenic and Old Lace","1915-06-12","top 1000"
637,"nm0001141","2018-07-15","2018-07-15",818,"points","Angie Dickinson","Rio Bravo","1931-09-30","top 1000"
638,"nm0559652","2020-06-25","2020-06-25",814,"points","Nanako Matsushima","Ringu","1973-10-13","top 1000"
639,"nm0620397","2020-06-25","2020-06-25",814,"points","Miki Nakatani","Kiraware Matsuko no isshô","1976-01-12","top 1000"
640,"nm0847624","2020-06-25","2020-06-25",814,"points","Yûko Takeuchi","Saido kâ ni inu","1980-04-01","top 1000"
641,"nm0001485","2018-07-15","2018-07-15",808,"points","Myrna Loy","The Thin Man","1905-08-02","top 1000"
642,"nm0310980","2018-07-14","2021-04-13",808,"points","Janet Gaynor","A Star Is Born","1906-10-06","top 1000"
643,"nm0000097","2018-08-02","2018-08-02",799,"points","Pamela Anderson","Barb Wire","1967-07-01","top 1000"
644,"nm0000227","2018-07-20","2018-07-20",792,"points","Mira Sorvino","Mighty Aphrodite","1967-09-28","top 1000"
645,"nm0117580","2020-12-15","2020-12-15",785,"points","Leticia Brédice","Nueve reinas","1972-08-26","top 1000"
646,"nm0289098","2018-07-20","2018-07-20",776,"points","Kerry Fox","Shallow Grave","1966-07-30","top 1000"
647,"nm0001265","2018-07-16","2018-07-16",774,"points","Susan George","Straw Dogs","1950-07-26","top 1000"
648,"nm2934314","2021-04-08","2021-04-08",760,"points","Lily Collins","The Mortal Instruments: City of Bones","1989-03-18","top 1000"
649,"nm0363888","2022-05-21","2022-05-21",756,"points","Jessica Harper","Suspiria","1949-10-10","top 1000"
650,"nm0000910","2022-05-21","2022-05-21",756,"points","Joan Bennett","Suspiria","1910-02-27","top 1000"
651,"nm0000013","2018-07-15","2018-07-15",753,"points","Doris Day","Love Me or Leave Me","1922-04-03","top 1000"
652,"nm0910947","2018-08-04","2018-08-04",748,"points","Faye Wong","Chung Hing sam lam","1969-08-08","top 1000"
653,"nm0822535","2018-07-17","2018-07-17",743,"points","Kim Stanley","Seance on a Wet Afternoon","1925-02-11","top 1000"
654,"nm1813221","2021-09-11","2021-09-11",739,"points","Gugu Mbatha-Raw","Belle","1983-04-21","top 1000"
655,"nm0005499","2020-09-30","2020-09-30",738,"points","Lily Tomlin","Nashville","1939-09-01","top 1000"
656,"nm0517506","2020-09-30","2020-09-30",738,"points","Annie Ross","Short Cuts","1930-07-25","top 1000"
657,"nm0001742","2020-09-30","2020-09-30",738,"points","Lori Singer","Footloose","1957-11-06","top 1000"
658,"nm0591485","2018-07-16","2018-07-16",732,"points","Liza Minnelli","Cabaret","1946-03-12","top 1000"
659,"nm1320089","2019-04-04","2019-04-04",729,"points","Yeong-hie Seo","Chugyeokja","1980-06-13","top 1000"
660,"nm0001076","2018-07-15","2018-07-15",721,"points","Joan Crawford","What Ever Happened to Baby Jane?","1905-03-23","top 1000"
661,"nm0001954","2018-07-18","2018-07-18",721,"points","Claire Bloom","Clash of the Titans","1931-02-15","top 1000"
662,"nm0234237","2018-08-22","2018-08-22",714,"points","Anne Dorval","Mommy","1960-11-08","top 1000"
663,"nm0167501","2018-08-22","2018-08-22",714,"points","Suzanne Clément","Mommy","1969-05-12","top 1000"
664,"nm0089408","2021-04-30","2021-04-30",709,"points","Lisa Blount","An Officer and a Gentleman","1957-07-01","top 1000"
665,"nm0002060","2021-04-30","2021-04-30",709,"points","Lisa Eilbacher","Beverly Hills Cop","1956-05-05","top 1000"
666,"nm1289528","2018-08-07","2018-08-07",705,"points","Norah Jones","Ted","1979-03-30","top 1000"
667,"nm2295540","2021-05-15","2021-05-15",702,"points","Natalie Morales","Parks and Recreation","1985-02-15","top 1000"
668,"nm0468957","2018-07-18","2018-07-18",700,"points","Linda Kozlowski","Crocodile Dundee","1958-01-07","top 1000"
669,"nm1165901","2018-08-04","2018-08-04",695,"points","Seung-Yun Lee","Bin-jip","1968-08-18","top 1000"
670,"nm0751426","2018-07-14","2018-07-14",688,"points","Rosalind Russell","Auntie Mame","1907-06-04","top 1000"
671,"nm1377449","2018-08-23","2018-08-23",685,"points","Agnieszka Grochowska","Obce niebo","1979-12-31","top 1000"
672,"nm0324790","2022-03-11","2022-03-11",682,"points","Joanna Going","Kingdom","1963-07-22","top 1000"
673,"nm0268626","2018-08-01","2018-08-01",680,"points","Nadia Farès","Les rivières pourpres","1968-12-20","top 1000"
674,"nm0761212","2018-08-01","2018-08-01",680,"points","Dominique Sanda","Il conformista","1951-03-11","top 1000"
675,"nm0004763","2021-04-24","2021-04-24",676,"points","Mary J. Blige","Mudbound","1971-01-11","top 1000"
676,"nm1087430","2018-08-21","2018-08-21",671,"points","Julia Dietze","Iron Sky","1981-01-09","top 1000"
677,"nm0001546","2018-07-17","2018-07-17",668,"points","Mary Tyler Moore","Ordinary People","1936-12-29","top 1000"
678,"nm0144377","2018-08-21","2018-08-21",665,"points","Laetitia Casta","Arbitrage","1978-05-11","top 1000"
679,"nm1246047","2021-05-24","2021-05-24",658,"points","Adriana Ugarte","Julieta","1985-01-17","top 1000"
680,"nm0000991","2022-01-21","2022-01-21",646,"points","Geneviève Bujold","Dead Ringers","1942-07-01","top 1000"
681,"nm2017943","2018-08-08","2018-08-08",645,"points","Hayley Atwell","Captain America: The First Avenger","1982-04-05","top 1000"
682,"nm0516994","2018-07-14","2018-07-14",640,"points","Margaret Lockwood","The Lady Vanishes","1916-09-15","top 1000"
683,"nm1402546","2018-08-04","2018-08-04",635,"points","Sibel Kekilli","Gegen die Wand","1980-06-16","top 1000"
684,"nm0001594","2018-07-18","2018-07-18",629,"points","Anne Parillaud","Nikita","1960-05-06","top 1000"
685,"nm0000039","2018-07-15","2018-07-15",628,"points","Deborah Kerr","The King and I","1921-09-30","top 1000"
686,"nm0000429","2020-01-24","2020-01-24",628,"points","Melanie Griffith","Working Girl","1957-08-09","top 1000"
687,"nm0000726","2018-07-17","2018-07-17",627,"points","Maud Adams","Octopussy","1945-02-12","top 1000"
688,"nm0387753","2018-07-14","2018-07-14",621,"points","Valerie Hobson","Bride of Frankenstein","1917-04-14","top 1000"
689,"nm0046424","2018-08-21","2018-08-21",616,"points","Veerle Baetens","The Broken Circle Breakdown","1978-01-24","top 1000"
690,"nm0968541","2018-08-02","2018-08-02",613,"points","Oksana Akinshina","Lilja 4-ever","1987-04-19","top 1000"
691,"nm0140914","2018-07-14","2018-07-14",612,"points","Madeleine Carroll","The 39 Steps","1906-02-26","top 1000"
692,"nm2665105","2021-05-16","2021-05-16",612,"points","Grace Van Patten","Under the Silver Lake","1996-11-21","top 1000"
693,"nm0555500","2021-05-16","2021-05-16",612,"points","Elizabeth Marvel","True Grit","1969-11-27","top 1000"
694,"nm0858048","2021-05-12","2021-05-12",607,"points","Mélanie Thierry","The Zero Theorem","1981-07-17","top 1000"
695,"nm0001689","2018-07-19","2018-07-19",604,"points","Mercedes Ruehl","The Fisher King","1948-02-28","top 1000"
696,"nm0001010","2018-07-15","2018-07-15",603,"points","Capucine","The Pink Panther","1928-01-06","top 1000"
697,"nm0587234","2018-07-16","2018-07-16",601,"points","Sarah Miles","Ryan's Daughter","1941-12-31","top 1000"
698,"nm1754366","2021-12-20","2021-12-20",601,"points","Tika Sumpter","Southside with You","1980-06-20","top 1000"
699,"nm4663937","2018-08-23","2018-08-23",600,"points","Laia Costa","Victoria","1985-02-18","top 1000"
700,"nm0350451","2020-12-02","2020-12-02",595,"points","Linda Zilliacus","Ondskan","1977-04-25","top 1000"
701,"nm0947514","2018-08-02","2018-08-02",589,"points","Yum Jung-ah","Janghwa, Hongryeon","1972-07-28","top 1000"
702,"nm1909661","2018-08-22","2018-08-22",588,"points","Nimrat Kaur","The Lunchbox","1982-03-13","top 1000"
703,"nm0002148","2018-07-20","2018-07-20",587,"points","Mary Beth Hurt","The World According to Garp","1946-09-26","top 1000"
704,"nm0364915","2018-07-15","2018-07-15",585,"points","Julie Harris","The Haunting","1925-12-02","top 1000"
705,"nm0886888","2018-07-15","2018-07-15",585,"points","Jo Van Fleet","East of Eden","1915-12-29","top 1000"
706,"nm0000074","2018-07-14","2018-07-14",584,"points","Gene Tierney","Laura","1920-11-19","top 1000"
707,"nm0324409","2020-10-21","2020-10-21",584,"points","Bárbara Goenaga","Los cronocrímenes","1983-07-20","top 1000"
708,"nm0474492","2018-08-22","2018-08-22",571,"points","Agata Kulesza","Ida","1971-09-27","top 1000"
709,"nm2251846","2018-08-22","2018-08-22",571,"points","Joanna Kulig","Zimna wojna","1982-06-24","top 1000"
710,"nm1095720","2018-08-02","2018-08-02",571,"points","Keisha Castle-Hughes","Whale Rider","1990-03-24","top 1000"
711,"nm0001655","2022-05-08","2022-05-08",570,"points","Lynn Redgrave","Gods and Monsters","1943-03-08","top 1000"
712,"nm0872456","2019-06-06","2019-06-06",568,"points","Claire Trevor","Key Largo","1910-03-08","top 1000"
713,"nm0656180","2018-07-16","2018-07-16",564,"points","Geneviève Page","Belle de jour","1927-12-13","top 1000"
714,"nm1748545","2018-08-21","2018-08-21",563,"points","Agnes Kittelsen","Max Manus","1980-05-20","top 1000"
715,"nm0424848","2022-02-09","2022-02-09",557,"points","Dakota Johnson","Fifty Shades of Grey","1989-10-04","top 1000"
716,"nm0448224","2021-04-12","2021-04-12",556,"points","Merna Kennedy","The Circus","1908-09-07","top 1000"
717,"nm0000047","2018-08-17","2018-08-17",552,"points","Sophia Loren","La ciociara","1934-09-20","top 1000"
718,"nm0773932","2018-07-16","2018-07-16",552,"points","Maria Schneider","Ultimo tango a Parigi","1952-03-27","top 1000"
719,"nm0888824","2020-12-27","2020-12-27",546,"points","Alexandra Vandernoot","Highlander","1965-09-19","top 1000"
720,"nm0296594","2020-12-27","2020-12-27",546,"points","Catherine Frot","Marguerite","1956-05-01","top 1000"
721,"nm0001575","2018-07-16","2018-07-16",544,"points","Tatum O'Neal","Paper Moon","1963-11-05","top 1000"
722,"nm3948952","2021-04-11","2021-04-11",543,"points","Vanessa Kirby","The Crown","1988-04-18","top 1000"
723,"nm0526724","2021-02-07","2021-02-07",538,"points","Cherie Lunghi","Excalibur","1952-04-04","top 1000"
724,"nm2050746","2021-09-03","2021-09-03",536,"points","Emma Catherine Rigby","Hollyoaks","1989-09-26","top 1000"
725,"nm1197689","2018-08-24","2018-08-24",533,"points","Sandra Hüller","Toni Erdmann","1978-04-30","top 1000"
726,"nm0603402","2018-07-15","2018-07-15",532,"points","Jeanne Moreau","Jules et Jim","1928-01-23","top 1000"
727,"nm0944073","2018-07-15","2018-07-15",532,"points","Dana Wynter","Invasion of the Body Snatchers","1931-06-08","top 1000"
728,"nm0879947","2020-08-11","2020-08-11",532,"points","Misa Uehara","Kakushi-toride no san-akunin","1937-03-26","top 1000"
729,"nm3335498","2022-10-02","2022-10-02",531,"points","Sigrid Bouaziz","Personal Shopper","","top 1000"
730,"nm1768149","2022-10-02","2022-10-02",531,"points","Nora Waldstätten","Personal Shopper","1981-12-01","top 1000"
731,"nm0731499","2018-07-16","2018-07-16",523,"points","Rachel Roberts","Murder on the Orient Express","1927-09-20","top 1000"
732,"nm8023748","2021-02-21","2021-02-21",518,"points","Helena Zengel","News of the World","2008-06-10","top 1000"
733,"nm0943837","2018-07-15","2018-07-15",517,"points","Jane Wyman","Falcon Crest","1917-01-05","top 1000"
734,"nm0000058","2018-07-15","2018-07-15",515,"points","Maureen O'Hara","Miracle on 34th Street","1920-08-17","top 1000"
735,"nm1211488","2022-07-02","2022-07-02",513,"points","Lynn Collins","X-Men Origins: Wolverine","1977-05-16","top 1000"
736,"nm0733196","2022-07-02","2022-07-02",513,"points","Zuleikha Robinson","Hidalgo","","top 1000"
737,"nm0000214","2021-02-27","2021-02-27",512,"points","Mia Sara","Timecop","1967-06-19","top 1000"
738,"nm0424743","2018-07-15","2018-07-15",510,"points","Celia Johnson","Brief Encounter","1908-12-18","top 1000"
739,"nm0002105","2020-03-12","2020-03-12",510,"points","Judith Godrèche","The Overnight","1972-03-23","top 1000"
740,"nm3918035","2022-02-09","2022-02-09",509,"points","Zendaya","Spider-Man: Homecoming","1996-09-01","top 1000"
741,"nm0726257","2019-08-01","2019-08-01",507,"points","Katja Riemann","Fack ju Göhte","1963-11-01","top 1000"
742,"nm0461746","2018-08-06","2018-08-06",507,"points","Sidse Babett Knudsen","Borgen","1968-11-22","top 1000"
743,"nm0937557","2018-08-10","2018-08-10",502,"points","Johanna Wokalek","Der Baader Meinhof Komplex","1975-03-03","top 1000"
744,"nm0880167","2018-08-10","2018-08-10",502,"points","Nadja Uhl","Der Baader Meinhof Komplex","1972-05-23","top 1000"
745,"nm0637649","2018-07-16","2018-07-16",501,"points","Magali Noël","Amarcord","1931-06-27","top 1000"
