"Position","Const","Created","Modified","Description","Name","Known.For","Birth.Date","rank_category"
1,"nm0000093","2018-07-19","2022-08-18","174697 points","Brad Pitt","Ad Astra","1963-12-18","top 10"
2,"nm0000151","2018-07-18","2021-12-28","169322 points","Morgan Freeman","Invictus","1937-06-01","top 10"
3,"nm0000138","2018-07-20","2022-04-09","165028 points","Leonardo DiCaprio","Inception","1974-11-11","top 10"
4,"nm0000134","2018-07-16","2021-05-01","151313 points","Robert De Niro","Raging Bull","1943-08-17","top 10"
5,"nm0000354","2018-07-22","2021-09-03","140716 points","Matt Damon","Good Will Hunting","1970-10-08","top 10"
6,"nm0000323","2018-07-16","2018-11-17","137003 points","Michael Caine","The Dark Knight","1933-03-14","top 10"
7,"nm0000288","2018-07-18","2021-04-29","126932 points","Christian Bale","The Dark Knight","1974-01-30","top 10"
8,"nm0000158","2018-07-20","2022-06-18","119774 points","Tom Hanks","Cast Away","1956-07-09","top 10"
9,"nm0000198","2018-07-19","2021-05-26","112643 points","Gary Oldman","The Dark Knight","1958-03-21","top 10"
10,"nm0000199","2018-07-16","2022-07-02","106454 points","Al Pacino","Serpico","1940-04-25","top 10"
11,"nm0000246","2018-07-18","2022-06-01","97268 points","Bruce Willis","Die Hard","1955-03-19","top 20"
12,"nm0001570","2018-07-22","2021-09-11","90851 points","Edward Norton","Fight Club","1969-08-18","top 20"
13,"nm0000148","2018-07-16","2021-05-10","88197 points","Harrison Ford","Raiders of the Lost Ark","1942-07-13","top 20"
14,"nm0000136","2018-07-18","2022-07-08","84624 points","Johnny Depp","Sweeney Todd: The Demon Barber of Fleet Street","1963-06-09","top 20"
15,"nm0614165","2018-08-04","2021-06-06","79799 points","Cillian Murphy","28 Days Later...","1976-05-25","top 20"
16,"nm0000450","2018-07-19","2022-11-16","79279 points","Philip Seymour Hoffman","The Master","1967-07-23","top 20"
17,"nm0000168","2018-07-20","2022-06-01","78876 points","Samuel L. Jackson","Pulp Fiction","1948-12-21","top 20"
18,"nm0000146","2018-07-20","2022-05-08","77799 points","Ralph Fiennes","The Grand Budapest Hotel","1962-12-22","top 20"
19,"nm0000228","2018-07-19","2021-11-16","73563 points","Kevin Spacey","The Usual Suspects","1959-07-26","top 20"
20,"nm0362766","2018-08-17","2022-02-08","72957 points","Tom Hardy","Inception","1977-09-15","top 20"
21,"nm0000197","2018-07-16","2020-07-17","72904 points","Jack Nicholson","Chinatown","1937-04-22","top 50"
22,"nm0000437","2018-07-20","2022-11-16","71430 points","Woody Harrelson","True Detective","1961-07-23","top 50"
23,"nm0000129","2018-07-18","2021-12-07","69889 points","Tom Cruise","Top Gun","1962-07-03","top 50"
24,"nm0000380","2018-07-16","2019-01-15","66238 points","Robert Duvall","The Apostle","1931-01-05","top 50"
25,"nm0331516","2018-08-03","2021-05-10","63982 points","Ryan Gosling","Blue Valentine","1980-11-12","top 50"
26,"nm0000128","2018-07-23","2022-04-09","63650 points","Russell Crowe","Les Misérables","1964-04-07","top 50"
27,"nm0000553","2018-07-20","2022-04-28","62922 points","Liam Neeson","Kinsey","1952-06-07","top 50"
28,"nm0000114","2018-07-19","2018-08-24","62549 points","Steve Buscemi","Fargo","1957-12-13","top 50"
29,"nm0350453","2018-08-01","2021-12-10","62972 points","Jake Gyllenhaal","Nightcrawler","1980-12-19","top 50"
30,"nm0330687","2018-08-17","2021-06-05","61094 points","Joseph Gordon-Levitt","Inception","1981-02-17","top 50"
31,"nm0749263","2018-08-02","2021-03-05","60975 points","Mark Ruffalo","Spotlight","1967-11-22","top 50"
32,"nm0000172","2018-07-16","2021-08-27","60431 points","Harvey Keitel","Reservoir Dogs","1939-05-13","top 50"
33,"nm0000243","2018-07-18","2022-12-14","60383 points","Denzel Washington","Fences","1954-12-28","top 50"
34,"nm0000123","2018-07-27","2019-11-25","60087 points","George Clooney","The Ides of March","1961-05-06","top 50"
35,"nm0177896","2018-08-08","2022-02-11","58148 points","Bradley Cooper","A Star Is Born","1975-01-05","top 50"
36,"nm0915989","2018-07-30","2022-01-15","57041 points","Hugo Weaving","The Lord of the Rings: The Return of the King","1960-04-04","top 50"
37,"nm0000179","2018-07-23","2018-08-22","55794 points","Jude Law","The Talented Mr. Ripley","1972-12-29","top 50"
38,"nm0000142","2018-07-15","2021-05-11","55367 points","Clint Eastwood","Million Dollar Baby","1930-05-31","top 50"
39,"nm0001618","2018-07-21","2022-01-31","54943 points","Joaquin Phoenix","Her","1974-10-28","top 50"
40,"nm0000729","2018-07-21","2021-12-20","54670 points","Casey Affleck","Gone Baby Gone","1975-08-12","top 50"
41,"nm0000190","2018-07-26","2022-09-09","53209 points","Matthew McConaughey","Dallas Buyers Club","1969-11-04","top 50"
42,"nm0000209","2018-07-18","2021-03-05","52954 points","Tim Robbins","Mystic River","1958-10-16","top 50"
43,"nm0000206","2018-07-18","2022-11-09","52909 points","Keanu Reeves","The Matrix","1964-09-02","top 50"
44,"nm0000438","2018-07-17","2022-02-09","51974 points","Ed Harris","The Truman Show","1950-11-28","top 50"
45,"nm0002253","2018-08-24","2021-05-05","51803 points","John Carroll Lynch","The Founder","1963-08-01","top 50"
46,"nm0929489","2018-07-24","2018-08-24","51617 points","Tom Wilkinson","Michael Clayton","1948-02-05","top 50"
47,"nm0001426","2018-07-17","2022-01-12","51423 points","Ben Kingsley","Sexy Beast","1943-12-31","top 50"
48,"nm0000353","2018-07-18","2021-09-11","49911 points","Willem Dafoe","Spider-Man","1955-07-22","top 50"
49,"nm0000457","2018-07-17","2018-08-24","49176 points","John Hurt","Nineteen Eighty-Four","1940-01-22","top 50"
50,"nm0001030","2018-07-16","2018-12-09","49039 points","John Cazale","Dog Day Afternoon","1935-08-12","top 50"
51,"nm0001608","2018-08-22","2022-09-19","48983 points","Barry Pepper","'Saving Private Ryan': Boot Camp","1970-04-04","top 100"
52,"nm0000255","2018-07-22","2021-12-28","48591 points","Ben Affleck","Argo","1972-08-15","top 100"
53,"nm0001467","2018-07-27","2021-05-10","46997 points","Jared Leto","Dallas Buyers Club","1971-12-26","top 100"
54,"nm0001804","2018-08-03","2022-11-16","46579 points","Stanley Tucci","Big Night","1960-11-11","top 100"
55,"nm0000401","2018-07-30","2022-04-26","46571 points","Laurence Fishburne","The Matrix","1961-07-30","top 100"
56,"nm0185819","2018-08-01","2022-09-02","46163 points","Daniel Craig","Casino Royale","1968-03-02","top 100"
57,"nm0000195","2018-07-17","2021-01-11","46073 points","Bill Murray","Lost in Translation","1950-09-21","top 100"
58,"nm0910607","2018-08-10","2018-08-23","45674 points","Christoph Waltz","Django Unchained","1956-10-04","top 100"
59,"nm0000163","2018-07-16","2022-11-07","44975 points","Dustin Hoffman","The Graduate","1937-08-08","top 100"
60,"nm0000661","2018-07-16","2022-11-16","44924 points","Donald Sutherland","The Hunger Games: Catching Fire","1935-07-17","top 100"
61,"nm0000619","2018-07-19","2018-08-23","44850 points","Tim Roth","Rob Roy","1961-05-14","top 100"
62,"nm0000453","2018-07-17","2021-06-19","44814 points","Ian Holm","The Lord of the Rings: The Return of the King","1931-09-12","top 100"
63,"nm1055413","2018-08-10","2022-06-08","44481 points","Michael Fassbender","Shame","1977-04-02","top 100"
64,"nm0005132","2018-08-01","2019-07-06","44409 points","Heath Ledger","Brokeback Mountain","1979-04-04","top 100"
65,"nm0316079","2018-07-26","2022-11-18","44096 points","Paul Giamatti","Sideways","1967-06-06","top 100"
66,"nm0089217","2018-08-01","2021-06-09","44041 points","Orlando Bloom","The Lord of the Rings: The Fellowship of the Ring","1977-01-13","top 100"
67,"nm0000285","2018-07-18","2021-09-11","43931 points","Alec Baldwin","The Departed","1958-04-03","top 100"
68,"nm0000514","2018-07-19","2022-03-10","43787 points","Michael Madsen","The Hateful Eight","1957-09-25","top 100"
69,"nm0913822","2018-08-04","2021-12-07","43522 points","Ken Watanabe","The Last Samurai","1959-10-21","top 100"
70,"nm0000592","2018-07-19","2018-08-17","43278 points","Pete Postlethwaite","The Usual Suspects","1946-02-07","top 100"
71,"nm0000640","2018-07-16","2020-07-17","43212 points","Martin Sheen","The Departed","1940-08-03","top 100"
72,"nm0001602","2018-07-23","2022-01-15","42962 points","Guy Pearce","Memento","1967-10-05","top 100"
73,"nm0004937","2018-07-31","2021-11-23","42916 points","Jamie Foxx","Ray","1967-12-13","top 100"
74,"nm0000164","2018-07-16","2021-08-30","42828 points","Anthony Hopkins","The Silence of the Lambs","1937-12-31","top 100"
75,"nm0252230","2018-07-26","2020-12-04","42680 points","Chiwetel Ejiofor","12 Years a Slave","1977-07-10","top 100"
76,"nm0000226","2018-07-23","2022-11-12","42070 points","Will Smith","The Fresh Prince of Bel-Air","1968-09-25","top 100"
77,"nm0000614","2018-07-18","2019-04-19","41906 points","Alan Rickman","Die Hard","1946-02-21","top 100"
78,"nm0001691","2018-07-22","2022-04-28","41857 points","Geoffrey Rush","The King's Speech","1951-07-06","top 100"
79,"nm0000582","2018-07-17","2020-02-09","41464 points","Joe Pesci","Goodfellas","1943-02-09","top 100"
80,"nm0322407","2018-08-01","2022-01-31","41279 points","Brendan Gleeson","Calvary","1955-03-29","top 100"
81,"nm0000242","2018-07-24","2021-05-17","41149 points","Mark Wahlberg","The Fighter","1971-06-05","top 100"
82,"nm0000160","2018-07-18","2020-03-16","40666 points","Ethan Hawke","Training Day","1970-11-06","top 100"
83,"nm0000422","2018-07-19","2021-05-17","39805 points","John Goodman","10 Cloverfield Lane","1952-06-20","top 100"
84,"nm0001884","2018-07-15","2021-12-09","39750 points","Max von Sydow","Flash Gordon","1929-04-10","top 100"
85,"nm0000502","2018-07-17","2020-12-30","39683 points","Christopher Lloyd","Back to the Future","1938-10-22","top 100"
86,"nm0001626","2018-07-15","2022-09-02","39094 points","Christopher Plummer","Beginners","1929-12-13","top 100"
87,"nm1212722","2018-08-06","2022-05-26","38644 points","Benedict Cumberbatch","The Imitation Game","1976-07-19","top 100"
88,"nm0788335","2018-08-23","2022-09-02","38601 points","Michael Shannon","Take Shelter","1974-08-07","top 100"
89,"nm0932112","2018-08-24","2018-08-24","37963 points","Mykelti Williamson","Forrest Gump","1957-03-04","top 100"
90,"nm0000245","2018-07-18","2022-11-07","37891 points","Robin Williams","Mrs. Doubtfire","1951-07-21","top 100"
91,"nm0000008","2018-07-15","2021-05-01","37869 points","Marlon Brando","Apocalypse Now","1924-04-03","top 100"
92,"nm0004778","2018-07-27","2022-01-31","37869 points","Adrien Brody","The Pianist","1973-04-14","top 100"
93,"nm0200452","2018-08-05","2021-06-05","37792 points","Paul Dano","There Will Be Blood","1984-06-19","top 100"
94,"nm0001745","2018-07-22","2021-09-03","37576 points","Stellan Skarsgård","Good Will Hunting","1951-06-13","top 100"
95,"nm0000332","2018-07-24","2019-01-31","37418 points","Don Cheadle","Crash","1964-11-29","top 100"
96,"nm0005562","2018-07-26","2021-04-08","37218 points","Owen Wilson","The Royal Tenenbaums","1968-11-18","top 100"
97,"nm0117709","2018-08-02","2021-05-07","37180 points","Daniel Brühl","Rush","1978-06-16","top 100"
98,"nm0001125","2018-07-21","2018-08-23","36780 points","Benicio Del Toro","Sicario","1967-02-19","top 100"
99,"nm0719637","2018-08-05","2018-08-24","36442 points","Jeremy Renner","The Hurt Locker","1971-01-07","top 100"
100,"nm0001765","2018-07-17","2021-05-09","36291 points","Harry Dean Stanton","Alien","1926-07-14","top 100"
101,"nm0000375","2018-07-19","2020-09-30","36265 points","Robert Downey Jr.","Iron Man","1965-04-04","top 200"
102,"nm0001173","2018-08-02","2018-08-18","36156 points","Aaron Eckhart","The Dark Knight","1968-03-12","top 200"
103,"nm0001136","2018-08-02","2022-09-09","35670 points","Bruce Dern","Nebraska","1936-06-04","top 200"
104,"nm0001321","2018-07-15","2019-06-27","35510 points","Richard Harris","Unforgiven","1930-10-01","top 200"
105,"nm0302108","2018-08-06","2018-08-22","35406 points","Zach Galifianakis","The Hangover","1969-10-01","top 200"
106,"nm0151419","2018-08-23","2018-08-23","35387 points","Kyle Chandler","Super 8","1965-09-17","top 200"
107,"nm0005377","2018-07-30","2022-12-09","35216 points","Sam Rockwell","Moon","1968-11-05","top 200"
108,"nm0268199","2018-08-01","2022-12-14","34900 points","Colin Farrell","The Lobster","1976-05-31","top 200"
109,"nm0001744","2018-07-20","2022-03-11","34838 points","Tom Sizemore","Saving Private Ryan","1961-11-29","top 200"
110,"nm0000120","2018-07-20","2018-08-08","34227 points","Jim Carrey","Eternal Sunshine of the Spotless Mind","1962-01-17","top 200"
111,"nm0000237","2018-07-16","2018-08-20","34178 points","John Travolta","Pulp Fiction","1954-02-18","top 200"
112,"nm0001285","2018-07-16","2018-08-19","34116 points","Elliott Gould","M*A*S*H","1938-08-29","top 200"
113,"nm0000362","2018-07-16","2022-08-27","33688 points","Danny DeVito","Matilda","1944-11-17","top 200"
114,"nm0000125","2018-07-15","2021-04-20","33663 points","Sean Connery","Dr. No","1930-08-25","top 200"
115,"nm0000849","2018-08-03","2021-07-15","33539 points","Javier Bardem","Skyfall","1969-03-01","top 200"
116,"nm0000191","2018-07-20","2019-09-22","33362 points","Ewan McGregor","Moulin Rouge!","1971-03-31","top 200"
117,"nm0991810","2018-08-08","2022-11-16","33206 points","Mahershala Ali","House of Cards","1974-02-16","top 200"
118,"nm0000596","2018-07-17","2021-07-20","32827 points","Jonathan Pryce","The Two Popes","1947-06-01","top 200"
119,"nm0000604","2018-07-18","2021-12-10","32696 points","John C. Reilly","Chicago","1965-05-24","top 200"
120,"nm0001845","2018-07-18","2022-06-02","32491 points","Forest Whitaker","The Last King of Scotland","1961-07-15","top 200"
121,"nm1242688","2018-08-21","2022-11-16","32217 points","Josh Hutcherson","The Hunger Games","1992-10-12","top 200"
122,"nm0000982","2018-08-06","2018-08-24","32083 points","Josh Brolin","Avengers: Endgame","1968-02-12","top 200"
123,"nm0000576","2018-07-18","2018-08-21","31912 points","Sean Penn","Mystic River","1960-08-17","top 200"
124,"nm1706767","2018-08-18","2022-02-09","31471 points","Jonah Hill","21 Jump Street","1983-12-20","top 200"
125,"nm0000434","2018-07-16","2018-07-17","31054 points","Mark Hamill","Star Wars","1951-09-25","top 200"
126,"nm0836121","2018-08-15","2021-05-09","30854 points","Michael Stuhlbarg","A Serious Man","1968-07-05","top 200"
127,"nm0000147","2018-07-22","2022-05-26","30841 points","Colin Firth","A Single Man","1960-09-10","top 200"
128,"nm0000606","2018-07-20","2022-01-23","30707 points","Jean Reno","Léon","1948-07-30","top 200"
129,"nm2955013","2018-08-20","2022-11-16","30704 points","Liam Hemsworth","The Hunger Games","1990-01-13","top 200"
130,"nm0000546","2018-07-18","2020-09-30","30683 points","Matthew Modine","Full Metal Jacket","1959-03-22","top 200"
131,"nm0000641","2018-07-19","2022-04-09","30471 points","Gary Sinise","Forrest Gump","1955-03-17","top 200"
132,"nm0000513","2018-07-20","2018-11-25","30399 points","William H. Macy","Fargo","1950-03-13","top 200"
133,"nm0942482","2018-08-19","2022-11-16","30311 points","Jeffrey Wright","The French Dispatch","1965-12-07","top 200"
134,"nm0001330","2018-07-15","2018-07-16","30256 points","Sterling Hayden","Dr. Strangelove or: How I Learned to Stop Worrying and Love the Bomb","1916-03-26","top 200"
135,"nm0413168","2018-08-05","2018-08-21","29945 points","Hugh Jackman","Les Misérables","1968-10-12","top 200"
136,"nm0001557","2018-07-30","2021-07-19","29869 points","Viggo Mortensen","The Lord of the Rings: The Return of the King","1958-10-20","top 200"
137,"nm0001758","2018-07-22","2021-12-07","29786 points","Timothy Spall","Mr. Turner","1957-02-27","top 200"
138,"nm0626259","2018-08-20","2021-07-07","29732 points","Franco Nero","John Wick: Chapter 2","1941-11-23","top 200"
139,"nm0654648","2018-08-06","2018-08-22","29673 points","David Oyelowo","Selma","1976-04-01","top 200"
140,"nm0000609","2021-07-14","2021-07-14","29623 points","Ving Rhames","Pulp Fiction","1959-05-12","top 200"
141,"nm0924210","2018-08-05","2021-06-06","29255 points","Ben Whishaw","The Lobster","1980-10-14","top 200"
142,"nm0000657","2018-07-20","2022-01-12","29229 points","David Strathairn","Good Night, and Good Luck.","1949-01-26","top 200"
143,"nm0000092","2018-07-16","2021-04-20","29135 points","John Cleese","A Fish Called Wanda","1939-10-27","top 200"
144,"nm0000610","2018-07-26","2018-08-22","28981 points","Giovanni Ribisi","Boiler Room","1974-12-17","top 200"
145,"nm0000474","2018-07-18","2021-04-24","28981 points","Michael Keaton","Birdman or (The Unexpected Virtue of Ignorance)","1951-09-05","top 200"
146,"nm0000704","2018-07-24","2021-09-13","28927 points","Elijah Wood","The Lord of the Rings: The Fellowship of the Ring","1981-01-28","top 200"
147,"nm0000467","2018-08-20","2022-09-02","28821 points","Don Johnson","Miami Vice","1949-12-15","top 200"
148,"nm1727304","2018-08-22","2022-06-08","28789 points","Domhnall Gleeson","Frank","1983-05-12","top 200"
149,"nm0000686","2018-07-17","2021-05-09","28737 points","Christopher Walken","The Deer Hunter","1943-03-31","top 200"
150,"nm0000102","2018-07-17","2021-05-17","28721 points","Kevin Bacon","Footloose","1958-07-08","top 200"
151,"nm0000169","2018-07-19","2019-05-31","28628 points","Tommy Lee Jones","The Fugitive","1946-09-15","top 200"
152,"nm0000297","2018-07-18","2018-08-17","28323 points","Tom Berenger","Inception","1949-05-31","top 200"
153,"nm0001099","2018-07-17","2021-06-05","28131 points","Jeff Daniels","The Squid and the Whale","1955-02-19","top 200"
154,"nm0000501","2018-07-18","2021-05-26","27692 points","Ray Liotta","Goodfellas","1954-12-18","top 200"
155,"nm0000150","2018-07-17","2018-07-22","27299 points","Michael J. Fox","Back to the Future","1961-06-09","top 200"
156,"nm0001001","2018-07-16","2018-08-19","27206 points","James Caan","The Godfather","1940-03-26","top 200"
157,"nm0790688","2018-08-04","2021-06-25","27016 points","Michael Sheen","Masters of Sex","1969-02-05","top 200"
158,"nm0001731","2018-07-17","2019-06-04","26949 points","Sam Shepard","August: Osage County","1943-11-05","top 200"
159,"nm0000432","2018-07-16","2022-04-09","26905 points","Gene Hackman","The French Connection","1930-01-30","top 200"
160,"nm0799777","2018-08-04","2022-04-10","26663 points","J.K. Simmons","Whiplash","1955-01-09","top 200"
161,"nm0000442","2018-08-04","2019-01-03","26047 points","Rutger Hauer","Hobo with a Shotgun","1944-01-23","top 200"
162,"nm0000621","2018-07-19","2022-04-03","25874 points","Kurt Russell","The Hateful Eight","1951-03-17","top 200"
163,"nm0000685","2018-07-16","2021-07-14","25868 points","Jon Voight","Midnight Cowboy","1938-12-29","top 200"
164,"nm0000273","2018-07-19","2018-08-20","25324 points","Alan Arkin","Argo","1934-03-26","top 200"
165,"nm0000174","2018-07-18","2018-08-16","25215 points","Val Kilmer","The Doors","1959-12-31","top 200"
166,"nm0075321","2018-08-23","2018-08-24","25155 points","Christian Berkel","The Man from U.N.C.L.E.","1957-10-28","top 200"
167,"nm0000200","2018-07-20","2021-09-24","24823 points","Bill Paxton","Aliens","1955-05-17","top 200"
168,"nm0000154","2018-07-17","2021-07-14","24265 points","Mel Gibson","Braveheart","1956-01-03","top 200"
169,"nm0001215","2018-07-16","2021-05-07","24198 points","Albert Finney","Erin Brockovich","1936-05-09","top 200"
170,"nm0000518","2018-07-17","2021-12-17","24113 points","John Malkovich","Being John Malkovich","1953-12-09","top 200"
171,"nm0000071","2018-07-14","2018-10-15","24039 points","James Stewart","Anatomy of a Murder","1908-05-20","top 200"
172,"nm0000412","2018-07-18","2021-05-11","23997 points","Andy Garcia","Ocean's Eleven","1956-04-12","top 200"
173,"nm0670408","2019-10-01","2021-09-24","23458 points","Simon Pegg","Shaun of the Dead","1970-02-14","top 200"
174,"nm0000115","2018-07-18","2021-09-07","23437 points","Nicolas Cage","Face/Off","1964-01-07","top 200"
175,"nm0001993","2018-07-21","2019-04-10","23300 points","Vincent Cassel","L'ennemi public n°1","1966-11-23","top 200"
176,"nm0000732","2018-07-17","2019-01-27","22887 points","Danny Aiello","Do the Right Thing","1933-06-20","top 200"
177,"nm0005024","2018-08-07","2018-08-22","22740 points","Terrence Howard","Crash","1969-03-11","top 200"
178,"nm0000458","2018-07-21","2022-01-31","22667 points","William Hurt","A History of Violence","1950-03-20","top 200"
179,"nm0001475","2018-08-22","2021-11-02","22548 points","John Lithgow","The World According to Garp","1945-10-19","top 200"
180,"nm0136797","2018-08-05","2021-05-15","22373 points","Steve Carell","The Office","1962-08-16","top 200"
181,"nm0000027","2018-07-15","2018-07-16","22331 points","Alec Guinness","The Bridge on the River Kwai","1914-04-02","top 200"
182,"nm0654110","2018-08-01","2019-12-23","22319 points","Clive Owen","Children of Men","1964-10-03","top 200"
183,"nm0396812","2018-08-02","2021-12-09","21773 points","Danny Huston","The Constant Gardener","1962-05-14","top 200"
184,"nm0001806","2018-07-18","2022-07-08","21744 points","John Turturro","Barton Fink","1957-02-28","top 200"
185,"nm0002017","2018-07-16","2018-07-16","21725 points","Richard Conte","The Godfather","1910-03-24","top 200"
186,"nm0000424","2018-07-30","2022-06-26","21672 points","Hugh Grant","Love Actually","1960-09-09","top 200"
187,"nm0000560","2018-07-17","2018-08-21","21640 points","Nick Nolte","Warrior","1941-02-08","top 200"
188,"nm0000980","2018-08-01","2021-02-06","21202 points","Jim Broadbent","Moulin Rouge!","1949-05-24","top 200"
189,"nm0000156","2018-07-20","2020-12-12","21190 points","Jeff Goldblum","Jurassic Park","1952-10-22","top 200"
190,"nm0638824","2018-08-15","2021-05-26","21157 points","Michael Nyqvist","John Wick","1960-11-08","top 200"
191,"nm0249291","2018-08-18","2021-09-08","21126 points","Joel Edgerton","The Gift","1974-06-23","top 200"
192,"nm0001016","2018-08-02","2018-08-03","20987 points","David Carradine","Kill Bill: Vol. 2","1936-12-08","top 200"
193,"nm0000126","2018-07-18","2022-03-10","20980 points","Kevin Costner","The Postman","1955-01-18","top 200"
194,"nm0005458","2018-07-26","2018-08-08","20893 points","Jason Statham","Crank","1967-07-26","top 200"
195,"nm0386472","2018-08-06","2020-02-09","20619 points","Emile Hirsch","Into the Wild","1985-03-13","top 200"
196,"nm0705356","2018-08-01","2018-08-04","20483 points","Daniel Radcliffe","Harry Potter and the Deathly Hallows - Part 2","1989-07-23","top 200"
197,"nm0342488","2018-08-01","2018-08-04","20483 points","Rupert Grint","Harry Potter and the Sorcerer's Stone","1988-08-24","top 200"
198,"nm0479471","2018-08-06","2022-11-09","20458 points","Shia LaBeouf","Honey Boy","1986-06-11","top 200"
199,"nm0370035","2018-08-17","2018-08-24","20415 points","John Hawkes","The Sessions","1959-09-11","top 200"
200,"nm0000489","2018-08-01","2018-08-20","20247 points","Christopher Lee","Star Wars: Episode II - Attack of the Clones","1922-05-27","top 200"
201,"nm0290556","2018-08-07","2022-12-19","20201 points","James Franco","Spring Breakers","1978-04-19","top 500"
202,"nm0051509","2018-08-01","2021-06-09","20074 points","Eric Bana","Dirty John","1968-08-09","top 500"
203,"nm0000358","2018-07-17","2018-08-20","19979 points","Daniel Day-Lewis","There Will Be Blood","1957-04-29","top 500"
204,"nm1886602","2018-08-18","2022-11-20","19922 points","Miles Teller","Whiplash","1987-02-20","top 500"
205,"nm0005286","2018-07-30","2018-08-01","19868 points","Haley Joel Osment","The Sixth Sense","1988-04-10","top 500"
206,"nm0924154","2020-02-09","2021-04-07","19851 points","Shea Whigham","Take Shelter","1969-01-05","top 500"
207,"nm0000321","2018-07-18","2022-05-08","19756 points","Gabriel Byrne","The Usual Suspects","1950-05-12","top 500"
208,"nm0000313","2018-07-16","2019-04-17","19734 points","Jeff Bridges","The Big Lebowski","1949-12-04","top 500"
209,"nm0186505","2018-08-18","2018-08-23","19718 points","Bryan Cranston","Breaking Bad","1956-03-07","top 500"
210,"nm0333410","2018-08-18","2018-08-22","19649 points","Topher Grace","In Good Company","1978-07-12","top 500"
211,"nm0736622","2018-08-09","2019-12-29","19619 points","Seth Rogen","This Is the End","1982-04-15","top 500"
212,"nm0753314","2018-08-09","2022-02-09","19603 points","Mark Rylance","Bridge of Spies","1960-01-18","top 500"
213,"nm0001774","2018-07-31","2021-05-16","19574 points","Ben Stiller","Zoolander","1965-11-30","top 500"
214,"nm0001358","2018-08-24","2018-08-24","19565 points","Hal Holbrook","Into the Wild","1925-02-17","top 500"
215,"nm0001792","2018-07-15","2018-08-10","19548 points","Rod Taylor","Inglourious Basterds","1930-01-11","top 500"
216,"nm0241121","2018-08-18","2018-08-21","19310 points","Jean Dujardin","The Artist","1972-06-19","top 500"
217,"nm1209966","2018-08-08","2021-12-09","19301 points","Oscar Isaac","Ex Machina","1979-03-09","top 500"
218,"nm0005212","2018-08-01","2022-04-26","19298 points","Ian McKellen","The Lord of the Rings: The Fellowship of the Ring","1939-05-25","top 500"
219,"nm1165110","2018-08-20","2021-09-24","19167 points","Chris Hemsworth","The Avengers","1983-08-11","top 500"
220,"nm0695435","2018-08-23","2018-08-23","19075 points","Chris Pratt","Guardians of the Galaxy","1979-06-21","top 500"
221,"nm0000140","2018-07-17","2021-07-17","18407 points","Michael Douglas","Behind the Candelabra","1944-09-25","top 500"
222,"nm0164809","2018-08-15","2021-05-25","18301 points","Jason Clarke","Zero Dark Thirty","1969-07-17","top 500"
223,"nm0908919","2018-07-15","2018-08-17","18206 points","Eli Wallach","Il buono, il brutto, il cattivo","1915-12-07","top 500"
224,"nm0023832","2018-08-04","2018-08-22","18195 points","Mathieu Amalric","Le scaphandre et le papillon","1965-10-25","top 500"
225,"nm0376101","2018-07-16","2018-08-01","18120 points","David Hemmings","Blow-Up","1941-11-18","top 500"
226,"nm0000630","2018-07-30","2021-12-28","18110 points","Liev Schreiber","Spotlight","1967-10-04","top 500"
227,"nm0000112","2018-07-20","2022-06-09","17880 points","Pierce Brosnan","The World Is Not Enough","1953-05-16","top 500"
228,"nm0001291","2018-08-04","2018-08-07","17562 points","Rupert Graves","Sherlock","1963-06-30","top 500"
229,"nm0159802","2018-08-04","2018-08-23","17550 points","Jesper Christensen","Quantum of Solace","1948-05-16","top 500"
230,"nm0000299","2018-07-18","2018-07-20","17532 points","Michael Biehn","Aliens","1956-07-31","top 500"
231,"nm0941777","2018-08-10","2018-08-23","17243 points","Sam Worthington","Avatar","1976-08-02","top 500"
232,"nm0470981","2018-08-01","2018-08-17","17241 points","Thomas Kretschmann","King Kong","1962-09-08","top 500"
233,"nm0000719","2018-07-16","2018-08-22","17239 points","F. Murray Abraham","The Grand Budapest Hotel","1939-10-24","top 500"
234,"nm1500155","2018-08-04","2021-09-07","17231 points","Robert Pattinson","Twilight","1986-05-13","top 500"
235,"nm0002011","2018-07-15","2018-07-16","17199 points","Lee J. Cobb","12 Angry Men","1911-12-08","top 500"
236,"nm0744834","2018-08-10","2018-08-10","17103 points","Eli Roth","Cabin Fever","1972-04-18","top 500"
237,"nm0001709","2018-08-10","2018-08-10","17103 points","Til Schweiger","Inglourious Basterds","1963-12-19","top 500"
238,"nm0225944","2018-08-10","2018-08-10","17103 points","August Diehl","Inglourious Basterds","1976-01-04","top 500"
239,"nm2356421","2018-08-10","2018-08-10","17103 points","Alexander Fehling","Inglourious Basterds","1981-03-29","top 500"
240,"nm0000020","2018-07-14","2018-07-16","16981 points","Henry Fonda","12 Angry Men","1905-05-16","top 500"
241,"nm0765597","2018-07-30","2022-02-09","16736 points","Peter Sarsgaard","Shattered Glass","1971-03-07","top 500"
242,"nm0000667","2018-07-24","2022-06-23","16690 points","David Thewlis","Naked","1963-03-20","top 500"
243,"nm0000249","2018-07-17","2018-08-02","16511 points","James Woods","Vampires","1947-04-18","top 500"
244,"nm0000421","2018-07-21","2022-04-26","16342 points","Cuba Gooding Jr.","Jerry Maguire","1968-01-02","top 500"
245,"nm0462407","2018-08-05","2018-08-23","16208 points","Sebastian Koch","Das Leben der Anderen","1962-05-31","top 500"
246,"nm0000671","2018-07-26","2021-12-18","16090 points","Billy Bob Thornton","Sling Blade","1955-08-04","top 500"
247,"nm0296545","2019-10-01","2020-01-15","15694 points","Nick Frost","The World's End","1972-03-28","top 500"
248,"nm2353862","2018-08-08","2018-08-23","15616 points","Dev Patel","Slumdog Millionaire","1990-04-23","top 500"
249,"nm0251986","2018-08-04","2018-08-24","15573 points","Jesse Eisenberg","The Social Network","1983-10-05","top 500"
250,"nm0000664","2018-07-18","2018-12-30","15439 points","Patrick Swayze","Dirty Dancing","1952-08-18","top 500"
251,"nm0001427","2018-07-23","2021-07-14","15200 points","Greg Kinnear","As Good as It Gets","1963-06-17","top 500"
252,"nm0004874","2018-07-26","2018-07-26","15124 points","Vin Diesel","Guardians of the Galaxy","1967-07-18","top 500"
253,"nm0000547","2018-07-30","2018-08-15","15091 points","Alfred Molina","Spider-Man 2","1953-05-24","top 500"
254,"nm1663205","2021-05-24","2021-09-03","15020 points","Sharlto Copley","District 9","1973-11-27","top 500"
255,"nm1519666","2018-08-09","2021-04-24","15013 points","Eddie Redmayne","Les Misérables","1982-01-06","top 500"
256,"nm0000056","2018-07-15","2019-07-02","14998 points","Paul Newman","The Hustler","1925-01-26","top 500"
257,"nm0328828","2018-08-22","2021-05-01","14880 point","Matthew Goode","Stoker","1978-04-03","top 500"
258,"nm1159180","2018-08-10","2018-08-18","14860 points","Ed Helms","The Hangover","1974-01-24","top 500"
259,"nm0058581","2018-08-10","2018-08-18","14860 points","Justin Bartha","National Treasure","1978-07-21","top 500"
260,"nm0000602","2018-07-16","2022-01-12","14822 points","Robert Redford","The Natural","1936-08-18","top 500"
261,"nm0001497","2018-07-24","2018-11-09","14731 points","Tobey Maguire","Brothers","1975-06-27","top 500"
262,"nm0000110","2018-07-20","2018-08-24","14678 points","Kenneth Branagh","Henry V","1960-12-10","top 500"
263,"nm0262635","2018-08-21","2022-09-02","14661 points","Chris Evans","The Avengers","1981-06-13","top 500"
264,"nm0000230","2018-07-16","2018-11-23","14520 points","Sylvester Stallone","Rocky","1946-07-06","top 500"
265,"nm0000842","2018-07-15","2018-07-16","14481 points","Martin Balsam","All the President's Men","1919-11-04","top 500"
266,"nm0001647","2018-07-14","2019-04-02","14362 points","Claude Rains","Casablanca","1889-11-10","top 500"
267,"nm0305558","2018-07-31","2020-01-02","14240 points","Gael García Bernal","Mozart in the Jungle","1978-11-30","top 500"
268,"nm1940449","2018-08-16","2022-06-10","14227 points","Andrew Garfield","Hacksaw Ridge","1983-08-20","top 500"
269,"nm0548686","2018-08-19","2018-08-22","14118 points","Karl Markovics","Die Fälscher","1963-08-29","top 500"
270,"nm0001812","2018-07-15","2019-10-26","14055 points","Lee Van Cleef","Escape from New York","1925-01-09","top 500"
271,"nm0000007","2018-07-14","2018-07-15","14044 points","Humphrey Bogart","Casablanca","1899-12-25","top 500"
272,"nm0000284","2018-07-18","2018-08-04","14030 points","Adam Baldwin","Serenity","1962-02-27","top 500"
273,"nm0420955","2018-08-01","2021-12-19","13981 points","Richard Jenkins","The Shape of Water","1947-05-04","top 500"
274,"nm0000286","2018-07-18","2018-07-21","13533 points","Stephen Baldwin","The Usual Suspects","1966-05-12","top 500"
275,"nm0004486","2018-07-18","2018-08-22","13456 points","Bruno Ganz","Der Untergang","1941-03-22","top 500"
276,"nm0857620","2018-08-24","2021-04-29","13294 points","Justin Theroux","Mulholland Dr.","1971-08-10","top 500"
277,"nm0001673","2018-07-16","2018-07-30","13149 points","Jason Robards","All the President's Men","1922-07-26","top 500"
278,"nm0005023","2018-07-26","2022-11-09","13095 points","Djimon Hounsou","Blood Diamond","1964-04-24","top 500"
279,"nm0001657","2018-07-31","2018-07-31","13085 points","Oliver Reed","Gladiator","1938-02-13","top 500"
280,"nm0001082","2018-08-24","2018-08-24","12993 points","Billy Crudup","Almost Famous","1968-07-08","top 500"
281,"nm0525518","2018-08-02","2018-08-22","12935 points","Florian Lukas","Good Bye Lenin!","1973-03-16","top 500"
282,"nm0000643","2018-07-17","2018-07-19","12826 points","Tom Skerritt","Alien","1933-08-25","top 500"
283,"nm0671567","2021-05-11","2021-09-06","12767 points","Michael Peña","American Hustle","1976-01-13","top 500"
284,"nm0836343","2018-08-07","2018-08-21","12757 points","Jim Sturgess","21","1978-05-16","top 500"
285,"nm0001029","2018-07-27","2022-06-18","12706 points","Jim Caviezel","The Passion of the Christ","1968-09-26","top 500"
286,"nm0912001","2018-07-16","2018-07-17","12615 points","Jack Warden","...and justice for all.","1920-09-18","top 500"
287,"nm0000122","2018-07-14","2021-04-12","12476 points","Charles Chaplin","The Great Dictator","1889-04-16","top 500"
288,"nm0564215","2018-08-06","2018-08-18","12445 points","James McAvoy","Filth","1979-04-21","top 500"
289,"nm1475594","2018-08-19","2021-06-29","12284 points","Channing Tatum","21 Jump Street","1980-04-26","top 500"
290,"nm0000905","2018-07-18","2018-08-20","12223 points","Roberto Benigni","La vita è bella","1952-10-27","top 500"
291,"nm0000377","2018-07-16","2018-07-21","12154 points","Richard Dreyfuss","The Goodbye Girl","1947-10-29","top 500"
292,"nm0195439","2018-08-24","2018-08-24","12154 points","James D'Arcy","Cloud Atlas","1975-08-24","top 500"
293,"nm0000532","2018-07-16","2021-11-02","11989 points","Malcolm McDowell","A Clockwork Orange","1943-06-13","top 500"
294,"nm0000048","2018-07-14","2018-07-14","11962 points","Peter Lorre","M - Eine Stadt sucht einen Mörder","1904-06-26","top 500"
295,"nm0000090","2018-07-19","2018-08-16","11849 points","Armin Mueller-Stahl","Eastern Promises","1930-12-17","top 500"
296,"nm0000597","2018-07-21","2022-03-11","11783 points","Bill Pullman","Independence Day","1953-12-17","top 500"
297,"nm0001258","2018-07-15","2018-08-03","11720 points","James Garner","The Notebook","1928-04-07","top 500"
298,"nm0001727","2018-07-15","2018-07-16","11697 points","Robert Shaw","A Man for All Seasons","1927-08-09","top 500"
299,"nm0593775","2018-07-14","2019-06-06","11627 points","Thomas Mitchell","Stagecoach","1892-07-11","top 500"
300,"nm0040472","2021-07-07","2021-12-07","11420 points","William Atherton","Die Hard","1947-07-30","top 500"
301,"nm0000101","2018-07-17","2022-01-12","11374 points","Dan Aykroyd","Ghostbusters","1952-07-01","top 500"
302,"nm0316284","2018-08-05","2021-05-26","11371 points","Giancarlo Giannini","Quantum of Solace","1942-08-01","top 500"
303,"nm0526019","2018-08-01","2021-09-03","11306 points","Diego Luna","Rogue One","1979-12-29","top 500"
304,"nm0000060","2018-07-15","2018-07-19","11240 points","Gregory Peck","To Kill a Mockingbird","1916-04-05","top 500"
305,"nm0001702","2018-07-16","2018-07-26","11209 points","Roy Scheider","Jaws","1932-11-10","top 500"
306,"nm0000620","2018-07-18","2018-08-08","11180 points","Mickey Rourke","Sin City","1952-09-16","top 500"
307,"nm0000418","2018-07-17","2021-12-20","11167 points","Danny Glover","Lethal Weapon","1946-07-22","top 500"
308,"nm2002649","2018-08-21","2019-12-29","11140 points","Dave Franco","Neighbors","1985-06-12","top 500"
309,"nm0377336","2018-08-19","2018-08-23","11113 points","Aksel Hennie","Max Manus","1975-10-29","top 500"
310,"nm0000152","2018-07-17","2021-04-30","11088 points","Richard Gere","Chicago","1949-08-31","top 500"
311,"nm0167388","2018-08-06","2018-08-18","11029 points","François Cluzet","Intouchables","1955-09-21","top 500"
312,"nm0000598","2018-07-17","2022-08-17","10978 points","Dennis Quaid","Far from Heaven","1954-04-09","top 500"
313,"nm0000026","2018-07-14","2019-04-02","10930 points","Cary Grant","Charade","1904-01-18","top 500"
314,"nm0001254","2018-07-20","2021-05-14","10902 points","James Gandolfini","The Sopranos","1961-09-18","top 500"
315,"nm0001449","2018-07-30","2021-04-24","10900 points","Frank Langella","Frost/Nixon","1938-01-01","top 500"
316,"nm0396558","2020-01-14","2022-02-08","10900 points","Nicholas Hoult","About a Boy","1989-12-07","top 500"
317,"nm0532193","2018-08-04","2021-12-09","10871 points","Matthew Macfadyen","Succession","1974-10-17","top 500"
318,"nm0458460","2018-08-02","2018-08-23","10856 points","Burghart Klaußner","Die fetten Jahre sind vorbei","1949-09-13","top 500"
319,"nm0068260","2018-08-19","2022-06-10","10767 points","Jamie Bell","Billy Elliot","1986-03-14","top 500"
320,"nm0000454","2018-07-16","2021-04-16","10752 points","Dennis Hopper","Easy Rider","1936-05-17","top 500"
321,"nm0001638","2018-07-17","2018-08-05","10734 points","Jürgen Prochnow","Das Boot","1941-06-10","top 500"
322,"nm0000439","2018-08-22","2018-08-22","10706 points","Neil Patrick Harris","How I Met Your Mother","1973-06-15","top 500"
323,"nm3154303","2018-12-18","2022-02-09","10696 points","Timothée Chalamet","Call Me by Your Name","1995-12-27","top 500"
324,"nm2309517","2018-08-19","2021-11-26","10685 points","Armie Hammer","The Social Network","1986-08-28","top 500"
325,"nm0586568","2018-08-05","2018-08-21","10441 points","Mads Mikkelsen","Hannibal","1965-11-22","top 500"
326,"nm0000554","2018-07-18","2018-07-20","10306 points","Sam Neill","Jurassic Park","1947-09-14","top 500"
327,"nm1082477","2018-08-18","2018-08-18","10299 points","Omar Sy","Intouchables","1978-01-20","top 500"
328,"nm0000634","2018-07-15","2018-07-17","10289 points","Peter Sellers","Being There","1925-09-08","top 500"
329,"nm0000034","2018-07-15","2018-07-16","10278 points","William Holden","Stalag 17","1918-04-17","top 500"
330,"nm0000367","2018-08-06","2018-08-20","10223 points","Gérard Depardieu","Cyrano de Bergerac","1948-12-27","top 500"
331,"nm0000559","2020-09-01","2021-09-24","10163 points","Leonard Nimoy","Star Trek IV: The Voyage Home","1931-03-26","top 500"
332,"nm0933940","2018-08-04","2021-12-19","10084 points","Patrick Wilson","The Phantom of the Opera","1973-07-03","top 500"
333,"nm0001976","2018-07-15","2018-07-22","10059 points","Horst Buchholz","La vita è bella","1933-12-04","top 500"
334,"nm0001326","2018-07-30","2018-08-06","10041 points","Josh Hartnett","Lucky Number Slevin","1978-07-21","top 500"
335,"nm0000095","2018-07-16","2018-08-20","9930 points","Woody Allen","Manhattan","1935-11-30","top 500"
336,"nm0085312","2018-08-02","2018-08-10","9917 points","Jack Black","School of Rock","1969-08-28","top 500"
337,"nm0000080","2018-07-14","2018-07-15","9818 points","Orson Welles","Citizen Kane","1915-05-06","top 500"
338,"nm3485845","2018-08-21","2021-05-16","9818 points","Adam Driver","Star Wars: Episode VII - The Force Awakens","1983-11-19","top 500"
339,"nm0000564","2018-07-15","2021-06-09","9796 points","Peter O'Toole","Lawrence of Arabia","1932-08-02","top 500"
340,"nm0000578","2018-07-15","2018-07-16","9728 points","Anthony Perkins","Psycho","1932-04-04","top 500"
341,"nm0793766","2018-07-15","2018-11-02","9705 points","Takashi Shimura","Shichinin no samurai","1905-03-12","top 500"
342,"nm0000131","2018-07-27","2018-08-21","9677 points","John Cusack","Grosse Pointe Blank","1966-06-28","top 500"
343,"nm0000369","2018-07-21","2018-12-30","9674 points","Matt Dillon","There's Something About Mary","1964-02-18","top 500"
344,"nm0000314","2018-07-15","2018-07-16","9641 points","Charles Bronson","C'era una volta il West","1921-11-03","top 500"
345,"nm0001852","2018-07-17","2018-08-17","9624 points","Treat Williams","Deep Rising","1951-12-01","top 500"
346,"nm0000493","2018-07-15","2020-09-30","9591 points","Jack Lemmon","The Apartment","1925-02-08","top 500"
347,"nm0005110","2018-08-03","2018-08-19","9497 points","Ashton Kutcher","That '70s Show","1978-02-07","top 500"
348,"nm1517976","2021-09-24","2021-09-24","9378 points","Chris Pine","Star Trek","1980-08-26","top 500"
349,"nm0704270","2021-09-24","2021-09-24","9378 points","Zachary Quinto","Star Trek","1977-06-02","top 500"
350,"nm0051509","2021-09-24","2021-09-24","9378 points","Eric Bana","Dirty John","1968-08-09","top 500"
351,"nm0339304","2021-09-24","2021-09-24","9378 points","Bruce Greenwood","Star Trek","1956-08-12","top 500"
352,"nm0947338","2021-09-24","2021-09-24","9378 points","Anton Yelchin","Star Trek","1989-03-11","top 500"
353,"nm0001715","2018-07-15","2018-07-16","9330 points","George C. Scott","Patton","1927-10-18","top 500"
354,"nm0814280","2020-12-31","2020-12-31","9321 points","Song Kang-ho","Salinui chueok","1967-01-17","top 500"
355,"nm1310525","2020-12-31","2020-12-31","9321 points","Lee Sun-kyun","Gisaengchung","1975-03-02","top 500"
356,"nm6079248","2020-12-31","2020-12-31","9321 points","Choi Woo-sik","Gisaengchung","1990-03-26","top 500"
357,"nm0001072","2018-07-14","2018-08-03","9298 points","Joseph Cotten","The Third Man","1905-05-15","top 500"
358,"nm0000460","2018-07-18","2022-07-02","9297 points","Jeremy Irons","Dead Ringers","1948-09-19","top 500"
359,"nm0001536","2018-07-15","2020-08-11","9248 points","Toshirô Mifune","Yôjinbô","1920-04-01","top 500"
360,"nm0001162","2018-07-17","2018-08-22","9219 points","Griffin Dunne","After Hours","1955-06-08","top 500"
361,"nm0000216","2018-07-17","2021-09-24","9209 points","Arnold Schwarzenegger","Terminator 2: Judgment Day","1947-07-30","top 500"
362,"nm3147751","2022-09-02","2022-09-02","9044 points","LaKeith Stanfield","Sorry to Bother You","1991-08-12","top 500"
363,"nm0000551","2018-07-24","2021-05-15","9028 points","Dermot Mulroney","My Best Friend's Wedding","1963-10-31","top 500"
364,"nm3772243","2022-11-15","2022-11-20","8944 points","Theo James","Divergent","1984-12-16","top 500"
365,"nm5052065","2022-11-20","2022-11-20","8944 points","Ansel Elgort","The Fault in Our Stars","1994-03-14","top 500"
366,"nm1126657","2022-05-26","2022-05-26","8937 points","George MacKay","1917","1992-03-13","top 500"
367,"nm0530365","2018-08-05","2020-12-04","8878 points","Sergi López","El laberinto del fauno","1965-12-22","top 500"
368,"nm0000032","2018-07-15","2018-07-20","8843 points","Charlton Heston","Ben-Hur","1923-10-04","top 500"
369,"nm0406975","2018-08-24","2021-05-01","8771 points","Rhys Ifans","The Amazing Spider-Man","1967-07-22","top 500"
370,"nm0371660","2018-07-21","2018-08-02","8727 points","Dennis Haysbert","Far from Heaven","1954-06-02","top 500"
371,"nm0000257","2018-07-18","2018-08-23","8699 points","Alan Alda","M*A*S*H","1936-01-28","top 500"
372,"nm0451234","2018-08-20","2018-08-22","8633 points","Irrfan Khan","The Lunchbox","1967-01-07","top 500"
373,"nm0000459","2018-07-17","2022-07-08","8582 points","Timothy Hutton","Ordinary People","1960-08-16","top 500"
374,"nm0000225","2018-07-18","2021-07-20","8507 points","Christian Slater","Very Bad Things","1969-08-18","top 500"
375,"nm0000024","2018-07-16","2019-04-10","8308 points","John Gielgud","Arthur","1904-04-14","top 500"
376,"nm1089991","2018-08-22","2018-08-22","8154 points","Tom Hiddleston","The Avengers","1981-02-09","top 500"
377,"nm0001953","2018-07-27","2018-08-23","8147 points","Moritz Bleibtreu","Knockin' on Heaven's Door","1971-08-13","top 500"
378,"nm0000221","2018-07-18","2018-08-02","8056 points","Charlie Sheen","Two and a Half Men","1965-09-03","top 500"
379,"nm0001667","2018-08-07","2018-08-07","8054 points","Jonathan Rhys Meyers","Den 12. mann","1977-07-27","top 500"
380,"nm4139037","2018-08-20","2018-08-20","8045 points","Suraj Sharma","Life of Pi","1993-03-21","top 500"
381,"nm0001698","2018-07-17","2019-01-25","7929 points","John Savage","The Last Full Measure","","top 500"
382,"nm4422686","2018-08-24","2018-08-24","7920 points","Barry Keoghan","The Killing of a Sacred Deer","1992-10-18","top 500"
383,"nm0005351","2018-08-09","2018-08-23","7804 points","Ryan Reynolds","Deadpool 2","1976-10-23","top 500"
384,"nm0000662","2018-08-01","2021-11-17","7790 points","Kiefer Sutherland","24","1966-12-21","top 500"
385,"nm0891998","2018-07-14","2018-07-14","7768 points","Conrad Veidt","Casablanca","1893-01-22","top 500"
386,"nm0065007","2018-08-23","2018-08-23","7660 points","Demián Bichir","The Hateful Eight","1963-08-01","top 500"
387,"nm2348627","2018-08-23","2018-08-24","7631 points","Lucas Hedges","Three Billboards Outside Ebbing, Missouri","1996-12-12","top 500"
388,"nm0352278","2018-08-03","2018-08-08","7592 points","Matthias Habich","Enemy at the Gates","1940-01-12","top 500"
389,"nm0056187","2018-08-06","2018-08-20","7571 points","Sacha Baron Cohen","Borat: Cultural Learnings of America for Make Benefit Glorious Nation of Kazakhstan","1971-10-13","top 500"
390,"nm0001212","2018-07-26","2022-07-02","7540 points","Joseph Fiennes","Shakespeare in Love","1970-05-27","top 500"
391,"nm0001096","2018-07-18","2020-01-15","7394 points","Timothy Dalton","The Living Daylights","1946-03-21","top 500"
392,"nm0001191","2018-08-07","2021-09-08","7331 points","Adam Sandler","The Waterboy","1966-09-09","top 500"
393,"nm0001597","2019-01-04","2021-04-08","7252 points","Mandy Patinkin","Homeland","1952-11-30","top 500"
394,"nm0860947","2018-07-27","2018-08-18","7161 points","Ulrich Thomsen","Festen","1963-12-06","top 500"
395,"nm1319365","2021-05-10","2021-05-10","7153 points","Tómas Lemarquis","Blade Runner 2049","1977-08-03","top 500"
396,"nm0000587","2018-07-15","2019-10-26","7149 points","Donald Pleasence","Halloween II","1919-10-05","top 500"
397,"nm2797744","2020-02-09","2022-02-09","6994 points","Himesh Patel","Yesterday","1990-10-13","top 500"
398,"nm0207218","2018-07-19","2018-08-22","6964 points","Isaach De Bankolé","Casino Royale","1957-08-12","top 500"
399,"nm0124930","2018-08-04","2018-08-14","6962 points","Gerard Butler","300","1969-11-13","top 500"
400,"nm0001768","2018-07-15","2018-07-22","6954 points","Rod Steiger","In the Heat of the Night","1925-04-14","top 500"
401,"nm0002134","2018-07-14","2018-07-14","6931 points","Paul Henreid","Casablanca","1908-01-10","top 500"
402,"nm0001644","2018-08-19","2019-01-09","6898 points","Aidan Quinn","Practical Magic","1959-03-08","top 500"
403,"nm0860233","2018-08-21","2018-08-24","6881 points","Jack Thompson","'Breaker' Morant","1940-08-31","top 500"
404,"nm0000104","2018-07-21","2020-02-09","6872 points","Antonio Banderas","The Mask of Zorro","1960-08-10","top 500"
405,"nm0267241","2018-08-20","2018-08-23","6842 points","Fares Fares","Kvinden i buret","1973-04-29","top 500"
406,"nm0005493","2018-08-17","2018-08-22","6807 points","Justin Timberlake","Trolls","1981-01-31","top 500"
407,"nm0503567","2021-05-25","2021-05-25","6776 points","Logan Lerman","The Perks of Being a Wallflower","1992-01-19","top 500"
408,"nm0781913","2021-06-05","2021-06-05","6716 points","Noah Segan","Knives Out","1983-10-05","top 500"
409,"nm0876300","2018-08-05","2018-08-16","6672 points","Ulrich Tukur","Das Leben der Anderen","1957-07-29","top 500"
410,"nm0504897","2018-07-31","2018-08-04","6650 points","Tony Chiu-Wai Leung","Fa yeung nin wah","1962-06-27","top 500"
411,"nm0158856","2018-08-02","2018-08-02","6601 points","Choi Min-sik","Oldeuboi","1962-01-22","top 500"
412,"nm0949167","2018-08-02","2018-08-02","6601 points","Yoo Ji-tae","Oldeuboi","1976-04-13","top 500"
413,"nm1785339","2019-04-21","2021-10-31","6581 points","Rami Malek","Bohemian Rhapsody","1981-05-12","top 500"
414,"nm0898546","2018-07-29","2021-12-17","6512 points","Pruitt Taylor Vince","Identity","1960-07-05","top 500"
415,"nm1670029","2018-08-17","2018-08-17","6356 points","Rupert Friend","Hitman: Agent 47","1981-10-01","top 500"
416,"nm0001364","2018-08-06","2022-11-07","6310 points","Bob Hoskins","The Long Good Friday","1942-10-26","top 500"
417,"nm0000537","2018-07-15","2018-07-16","6299 points","Steve McQueen","The Great Escape","1930-03-24","top 500"
418,"nm0814280","2018-08-06","2020-03-05","6284 points","Song Kang-ho","Salinui chueok","1967-01-17","top 500"
419,"nm0000177","2018-07-17","2018-08-19","6211 points","Kevin Kline","Wild Wild West","1947-10-24","top 500"
420,"nm0000051","2018-07-15","2018-07-15","6049 points","James Mason","Lolita","1909-05-15","top 500"
421,"nm1726032","2022-02-09","2022-02-09","5924 points","Rob Morgan","Mudbound","1973-02-24","top 500"
422,"nm1347153","2022-02-09","2022-02-09","5924 points","Tyler Perry","Diary of a Mad Black Woman","1969-09-14","top 500"
423,"nm0201857","2018-08-15","2020-12-15","5878 points","Ricardo Darín","El secreto de sus ojos","1957-01-16","top 500"
424,"nm0000063","2018-07-15","2018-07-16","5827 points","Anthony Quinn","Alexis Zorbas","1915-04-21","top 500"
425,"nm0000345","2018-07-18","2018-08-02","5808 points","Billy Crystal","Forget Paris","1948-03-14","top 500"
426,"nm0774386","2018-08-21","2021-09-08","5768 points","Matthias Schoenaerts","De rouille et d'os","1977-12-08","top 500"
427,"nm0000022","2018-07-14","2018-07-14","5737 points","Clark Gable","It Happened One Night","1901-02-01","top 500"
428,"nm0085038","2018-07-15","2020-04-23","5645 points","Gunnar Björnstrand","Det sjunde inseglet","1909-11-13","top 500"
429,"nm0000859","2018-07-15","2018-07-15","5642 points","Lionel Barrymore","You Can't Take It with You","1878-04-28","top 500"
430,"nm0618057","2018-08-05","2018-08-05","5601 points","Ulrich Mühe","Das Leben der Anderen","1953-06-20","top 500"
431,"nm0000203","2018-07-18","2022-01-12","5592 points","River Phoenix","My Own Private Idaho","1970-08-23","top 500"
432,"nm1093951","2018-08-20","2018-08-23","5556 points","Aaron Taylor-Johnson","Nocturnal Animals","1990-06-13","top 500"
433,"nm0685856","2018-08-02","2021-05-09","5509 points","Michael Pitt","The Dreamers","1981-04-10","top 500"
434,"nm0003909","2018-07-17","2018-08-04","5503 points","Michael Lonsdale","The Day of the Jackal","1931-05-24","top 500"
435,"nm0000552","2018-07-17","2018-08-06","5380 points","Eddie Murphy","The Nutty Professor","1961-04-03","top 500"
436,"nm0190744","2021-12-05","2021-12-05","5378 points","Marton Csokas","The Amazing Spider-Man 2","1966-06-30","top 500"
437,"nm0488917","2018-08-21","2018-08-21","5354 points","Thomas Bo Larsen","Jagten","1963-11-27","top 500"
438,"nm0000698","2018-07-16","2018-07-16","5349 points","Gene Wilder","Willy Wonka & the Chocolate Factory","1933-06-11","top 500"
439,"nm0000652","2018-07-18","2019-09-29","5293 points","James Spader","The Blacklist","1960-02-07","top 500"
440,"nm0000059","2018-07-14","2018-07-16","5245 points","Laurence Olivier","Sleuth","1907-05-22","top 500"
441,"nm0001262","2018-07-15","2018-08-06","5142 points","Ben Gazzara","Road House","1930-08-28","top 500"
442,"nm1561982","2018-08-22","2018-08-22","5118 points","Pilou Asbæk","Ghost in the Shell","1982-03-02","top 500"
443,"nm1249052","2021-05-28","2021-05-28","5117 points","Riccardo Scamarcio","John Wick: Chapter 2","1979-11-13","top 500"
444,"nm1269088","2018-08-08","2018-08-19","5077 points","David Kross","The Reader","1990-07-04","top 500"
445,"nm2403277","2018-08-24","2018-08-24","5069 points","Alden Ehrenreich","Hail, Caesar!","1989-11-22","top 500"
446,"nm0002231","2018-07-15","2018-07-15","5068 points","Gian Maria Volontè","Per un pugno di dollari","1933-04-09","top 500"
447,"nm0000346","2018-07-18","2018-07-18","5047 points","Macaulay Culkin","Home Alone","1980-08-26","top 500"
448,"nm0000389","2019-05-14","2019-05-14","5045 points","Emilio Estevez","The Way","1962-05-12","top 500"
449,"nm0000053","2018-07-15","2018-07-21","5041 points","Robert Mitchum","Out of the Past","1917-08-06","top 500"
450,"nm0001445","2018-07-18","2018-07-27","5027 points","Martin Landau","Ed Wood","1928-06-20","top 500"
451,"nm0001588","2018-07-19","2018-08-07","5018 points","Jack Palance","Shane","1919-02-18","top 500"
452,"nm1013003","2022-09-19","2022-09-19","5018 points","Michael Ealy","Barbershop","1973-08-03","top 500"
453,"nm0000144","2019-01-04","2019-01-04","4925 points","Cary Elwes","Saw","1962-10-26","top 500"
454,"nm0001697","2019-01-04","2019-01-04","4925 points","Chris Sarandon","The Nightmare Before Christmas","1942-07-24","top 500"
455,"nm0000549","2018-07-16","2018-07-17","4843 points","Roger Moore","Moonraker","1927-10-14","top 500"
456,"nm2018237","2018-08-20","2018-08-21","4810 points","Taylor Kitsch","X-Men Origins: Wolverine","1981-04-08","top 500"
457,"nm0000336","2018-07-15","2018-07-15","4794 points","James Coburn","Charade","1928-08-31","top 500"
458,"nm0001500","2018-07-15","2018-07-16","4779 points","Karl Malden","On the Waterfront","1912-03-22","top 500"
459,"nm0004936","2018-08-20","2018-08-21","4764 points","Ben Foster","Hell or High Water","1980-10-29","top 500"
460,"nm0001075","2018-07-17","2018-07-17","4753 points","Peter Coyote","Bitter Moon","1941-10-10","top 500"
461,"nm0001228","2018-07-16","2019-03-20","4734 points","Peter Fonda","Easy Rider","1940-02-23","top 500"
462,"nm0034390","2018-08-07","2018-08-19","4689 points","Niels Arestrup","Un prophète","1949-02-08","top 500"
463,"nm0001006","2018-07-17","2018-07-20","4684 points","John Candy","Planes, Trains & Automobiles","1950-10-31","top 500"
464,"nm1486911","2018-08-24","2018-08-24","4620 points","Shahab Hosseini","Forushande","1974-02-03","top 500"
465,"nm0272224","2018-08-03","2018-08-10","4610 points","Heino Ferch","Der Untergang","1963-08-18","top 500"
466,"nm0813463","2018-07-16","2019-03-07","4608 points","Anatoliy Solonitsyn","Stalker","1934-08-30","top 500"
467,"nm0176869","2018-08-02","2018-08-22","4601 points","Steve Coogan","Philomena","1965-10-14","top 500"
468,"nm0534045","2018-07-14","2018-07-15","4597 points","Fred MacMurray","Double Indemnity","1908-08-30","top 500"
469,"nm0001725","2018-07-15","2018-07-15","4558 points","Omar Sharif","Lawrence of Arabia","1932-04-10","top 500"
470,"nm0001366","2018-07-14","2018-07-14","4538 points","Leslie Howard","Pygmalion","1893-04-03","top 500"
471,"nm0182666","2018-08-04","2018-08-19","4533 points","Nikolaj Coster-Waldau","Game of Thrones","1970-07-27","top 500"
472,"nm0000078","2018-07-15","2019-06-06","4453 points","John Wayne","True Grit","1907-05-26","top 500"
473,"nm0001494","2018-07-17","2019-04-04","4451 points","Ralph Macchio","The Karate Kid Part III","1961-11-04","top 500"
474,"nm0402271","2022-06-26","2022-06-26","4445 points","Charlie Hunnam","Sons of Anarchy","1980-04-10","top 500"
475,"nm1659221","2021-05-07","2021-05-25","4400 points","Sebastian Stan","Captain America: The Winter Soldier","1982-08-13","top 500"
476,"nm0913475","2020-12-25","2022-02-09","4338 points","John David Washington","Tenet","1984-07-28","top 500"
477,"nm0148418","2019-09-24","2019-09-24","4310 points","Michael Cera","Scott Pilgrim vs. the World","1988-06-07","top 500"
478,"nm0001085","2019-09-24","2019-09-24","4310 points","Kieran Culkin","Succession","1982-09-30","top 500"
479,"nm0000018","2018-07-15","2018-07-15","4282 points","Kirk Douglas","Spartacus","1916-12-09","top 500"
480,"nm0000334","2018-07-31","2018-08-06","4256 points","Chow Yun-Fat","Wo hu cang long","1955-05-18","top 500"
481,"nm0002071","2020-10-13","2022-06-09","4194 points","Will Ferrell","Talladega Nights: The Ballad of Ricky Bobby","1967-07-16","top 500"
482,"nm0000608","2018-07-16","2018-07-24","4188 points","Burt Reynolds","Boogie Nights","1936-02-11","top 500"
483,"nm0559890","2018-08-03","2018-08-03","4108 points","Ulrich Matthes","Der Untergang","1959-05-09","top 500"
484,"nm0633947","2018-08-03","2018-08-03","4108 points","Ulrich Noethen","Der Untergang","1959-11-18","top 500"
485,"nm0761420","2018-07-18","2018-07-22","4093 points","Otto Sander","Der Himmel über Berlin","1941-06-30","top 500"
486,"nm0632457","2018-08-23","2018-08-23","4087 points","Merab Ninidze","McMafia","1965-11-03","top 500"
487,"nm0001722","2019-04-28","2021-08-30","4045 points","Rufus Sewell","Dark City","1967-10-29","top 500"
488,"nm0001868","2018-07-16","2021-12-25","4043 points","Michael York","Logan's Run","1942-03-27","top 500"
489,"nm0922035","2018-08-20","2018-08-24","4006 points","Dominic West","The Wire","1969-10-15","top 500"
490,"nm0001822","2018-07-15","2021-12-25","3994 points","Robert Wagner","The Towering Inferno","1930-02-10","top 500"
491,"nm0000308","2018-07-16","2019-10-26","3982 points","Ernest Borgnine","Marty","1917-01-24","top 500"
492,"nm0001492","2018-07-18","2018-07-20","3980 points","Kyle MacLachlan","Twin Peaks","1959-02-22","top 500"
493,"nm0515296","2021-10-13","2021-10-13","3965 points","Ron Livingston","The Conjuring","1967-06-05","top 500"
494,"nm5218990","2021-12-17","2021-12-17","3913 points","Trevante Rhodes","Moonlight","1990-02-10","top 500"
495,"nm0001371","2018-07-17","2018-07-17","3902 points","Tom Hulce","Amadeus","1953-12-06","top 500"
496,"nm0000202","2018-11-25","2019-12-23","3900 points","Ryan Phillippe","Gosford Park","1974-09-10","top 500"
497,"nm1449783","2018-08-10","2018-08-19","3899 points","Stipe Erceg","Die fetten Jahre sind vorbei","1974-10-30","top 500"
498,"nm0147147","2021-11-26","2021-11-26","3898 points","Henry Cavill","Man of Steel","1983-05-05","top 500"
499,"nm0000064","2018-07-14","2018-07-16","3885 points","Edward G. Robinson","Double Indemnity","1893-12-12","top 500"
500,"nm0727165","2018-08-07","2018-08-22","3876 points","Sam Riley","Control","1980-01-08","top 500"
501,"nm0000977","2018-08-19","2021-05-15","3839 points","Beau Bridges","The Fabulous Baker Boys","1941-12-09","top 1000"
502,"nm0001023","2018-07-16","2018-07-16","3788 points","John Cassavetes","Love Streams","1929-12-09","top 1000"
503,"nm0000348","2018-07-15","2018-07-15","3774 points","Tony Curtis","Some Like It Hot","1925-06-03","top 1000"
504,"nm0706368","2018-07-15","2018-07-15","3774 points","George Raft","Some Like It Hot","1901-09-26","top 1000"
505,"nm0000654","2018-08-09","2022-01-15","3678 points","Terence Stamp","The Limey","1938-07-22","top 1000"
506,"nm0001069","2018-07-16","2018-07-30","3636 points","Bud Cort","Harold and Maude","1948-03-29","top 1000"
507,"nm0000563","2018-07-19","2018-07-19","3516 points","Chris O'Donnell","Batman & Robin","1970-06-26","top 1000"
508,"nm0002907","2018-08-19","2018-08-20","3480 points","Alexander Skarsgård","The Legend of Tarzan","1976-08-25","top 1000"
509,"nm0634159","2018-07-18","2018-07-18","3440 points","Philippe Noiret","Nuovo Cinema Paradiso","1930-10-01","top 1000"
510,"nm1183149","2018-08-23","2018-08-24","3439 points","Edgar Ramírez","Gold","1977-03-25","top 1000"
511,"nm0180580","2021-05-26","2021-05-26","3393 points","Jose Coronado","El cuerpo","1957-08-14","top 1000"
512,"nm0002070","2018-07-18","2018-07-30","3348 points","Richard Farnsworth","The Straight Story","1920-09-01","top 1000"
513,"nm0000037","2018-07-15","2018-07-15","3341 points","Gene Kelly","Singin' in the Rain","1912-08-23","top 1000"
514,"nm0640307","2018-07-15","2018-07-15","3341 points","Donald O'Connor","Singin' in the Rain","1925-08-28","top 1000"
515,"nm0646037","2018-08-17","2018-08-17","3323 points","Daniel Olbrychski","Salt","1945-02-27","top 1000"
516,"nm0225944","2018-08-17","2018-08-17","3323 points","August Diehl","Inglourious Basterds","1976-01-04","top 1000"
517,"nm0001763","2018-07-27","2018-08-01","3316 points","Nick Stahl","Sin City","1979-12-05","top 1000"
518,"nm0001695","2018-07-14","2018-07-15","3309 points","George Sanders","All About Eve","1906-07-03","top 1000"
519,"nm0451148","2018-08-01","2018-08-07","3291 points","Aamir Khan","Taare Zameen Par","1965-03-14","top 1000"
520,"nm0335048","2018-07-15","2018-07-15","3268 points","Farley Granger","Strangers on a Train","1925-07-01","top 1000"
521,"nm0001452","2018-07-15","2018-07-15","3144 points","Charles Laughton","Witness for the Prosecution","1899-07-01","top 1000"
522,"nm0641939","2018-07-16","2018-07-16","3126 points","Ryan O'Neal","Love Story","1941-04-20","top 1000"
523,"nm1002641","2018-08-10","2018-08-15","3058 points","Dominic Cooper","The Devil's Double","1978-06-02","top 1000"
524,"nm0001421","2018-07-16","2018-07-16","3038 points","George Kennedy","Cool Hand Luke","1925-02-18","top 1000"
525,"nm6578009","2022-11-18","2022-11-18","3003 points","O'Shea Jackson Jr.","Straight Outta Compton","1991-02-24","top 1000"
526,"nm3659660","2022-11-18","2022-11-18","3003 points","Corey Hawkins","Straight Outta Compton","1988-10-22","top 1000"
527,"nm4207146","2022-11-18","2022-11-18","3003 points","Jason Mitchell","Straight Outta Compton","1987-01-05","top 1000"
528,"nm0103785","2021-06-19","2021-06-19","3001 points","Zach Braff","Garden State","1975-04-06","top 1000"
529,"nm0768614","2020-02-09","2020-02-09","2991 points","Leonardo Sbaraglia","Dolor y gloria","1970-06-30","top 1000"
530,"nm0002085","2018-07-15","2018-07-15","2988 points","Gert Fröbe","Goldfinger","1913-02-25","top 1000"
531,"nm0002145","2018-07-15","2018-07-15","2965 points","Trevor Howard","The Third Man","1913-09-29","top 1000"
532,"nm0297054","2018-07-14","2021-04-13","2963 points","Gustav Fröhlich","Metropolis","1902-03-21","top 1000"
533,"nm2244852","2021-07-15","2021-07-15","2913 points","Brian Gleeson","Snow White and the Huntsman","1987-11-14","top 1000"
534,"nm0001682","2018-07-15","2018-07-15","2891 point","Mickey Rooney","It's a Mad Mad Mad Mad World","1920-09-23","top 1000"
535,"nm0000009","2018-07-15","2019-10-27","2827 points","Richard Burton","Who's Afraid of Virginia Woolf?","1925-11-10","top 1000"
536,"nm0402271","2021-06-24","2021-07-15","2825 points","Charlie Hunnam","Sons of Anarchy","1980-04-10","top 1000"
537,"nm4043618","2021-05-25","2021-06-24","2804 points","Tom Holland","Spider-Man: Homecoming","1996-06-01","top 1000"
538,"nm0002094","2018-07-21","2018-07-21","2800 points","Vittorio Gassman","Il sorpasso","1922-09-01","top 1000"
539,"nm1504980","2018-08-20","2018-08-20","2789 points","Sönke Möhring","Inglourious Basterds","1972-10-12","top 1000"
540,"nm0000196","2021-12-25","2021-12-25","2788 points","Mike Myers","Austin Powers in Goldmember","1963-05-25","top 1000"
541,"nm1302735","2018-08-20","2018-08-20","2778 points","Max Thieriot","The Pacifier","1988-10-14","top 1000"
542,"nm0001696","2018-07-17","2018-07-21","2745 points","Julian Sands","A Room with a View","1958-01-04","top 1000"
543,"nm0619938","2018-07-17","2018-07-17","2704 points","Tatsuya Nakadai","Seppuku","1932-12-13","top 1000"
544,"nm0579663","2018-07-15","2018-07-15","2666 points","Adolphe Menjou","Paths of Glory","1890-02-18","top 1000"
545,"nm0000052","2018-07-15","2018-07-15","2656 points","Marcello Mastroianni","La dolce vita","1924-09-28","top 1000"
546,"nm0752813","2018-07-15","2018-07-27","2653 points","Robert Ryan","The Wild Bunch","1909-11-11","top 1000"
547,"nm0001332","2020-08-19","2020-08-19","2641 points","Robert Hays","Airplane!","1947-07-24","top 1000"
548,"nm0000558","2020-08-19","2020-08-19","2641 points","Leslie Nielsen","Airplane!","1926-02-11","top 1000"
549,"nm0473228","2018-07-16","2018-07-16","2582 points","Hardy Krüger","A Bridge Too Far","1928-04-12","top 1000"
550,"nm0004462","2018-07-20","2018-08-20","2577 points","Jean-Louis Trintignant","Amour","1930-12-11","top 1000"
551,"nm0000111","2018-07-17","2018-07-18","2571 points","Matthew Broderick","The Producers","1962-03-21","top 1000"
552,"nm0194572","2018-08-02","2018-08-04","2514 points","Javier Cámara","Hable con ella","1967-01-19","top 1000"
553,"nm0001537","2018-07-15","2018-07-15","2509 points","Ray Milland","The Lost Weekend","1907-01-03","top 1000"
554,"nm0079273","2019-04-28","2019-04-28","2492 points","Paul Bettany","WandaVision","1971-05-27","top 1000"
555,"nm0803890","2018-08-18","2020-12-02","2463 points","Gustaf Skarsgård","Vikings","1980-11-12","top 1000"
556,"nm1832584","2021-05-26","2021-05-26","2460 points","Mario Casas","Tres metros sobre el cielo","1986-06-12","top 1000"
557,"nm0001131","2018-08-18","2018-08-18","2441 points","Patrick Dempsey","Grey's Anatomy","1966-01-13","top 1000"
558,"nm1065929","2018-08-09","2021-09-03","2428 points","Elyas M'Barek","Fack ju Göhte","1982-05-29","top 1000"
559,"nm0001472","2018-08-01","2018-08-01","2403 points","Jet Li","Huo Yuan Jia","1963-04-26","top 1000"
560,"nm0750971","2018-08-24","2021-09-10","2386 points","Simon Russell Beale","The Death of Stalin","1961-01-12","top 1000"
561,"nm0000577","2018-07-15","2018-07-15","2382 points","George Peppard","Breakfast at Tiffany's","1928-10-01","top 1000"
562,"nm0001627","2018-07-16","2022-01-12","2366 points","Sidney Poitier","In the Heat of the Night","1927-02-20","top 1000"
563,"nm0635330","2018-07-22","2021-05-22","2330 points","Eduardo Noriega","Vantage Point","1973-08-01","top 1000"
564,"nm0147308","2018-08-07","2018-08-07","2319 points","Fernando Cayo","El orfanato","1968-04-22","top 1000"
565,"nm0374865","2018-08-24","2018-08-24","2310 points","Simon Helberg","The Big Bang Theory","1980-12-09","top 1000"
566,"nm0000989","2018-07-15","2018-07-16","2283 points","Yul Brynner","The King and I","1920-07-11","top 1000"
567,"nm0687146","2022-02-09","2022-06-23","2265 points","Jesse Plemons","The Irishman","1988-04-02","top 1000"
568,"nm0144045","2018-07-16","2018-08-07","2254 points","Jean-Pierre Cassel","Murder on the Orient Express","1932-10-27","top 1000"
569,"nm0555093","2018-07-22","2018-08-04","2250 points","Fele Martínez","Tesis","1975-02-22","top 1000"
570,"nm1978402","2019-04-04","2020-03-26","2245 points","Ha Jung-woo","Ah-ga-ssi","1978-03-11","top 1000"
571,"nm0350350","2018-08-02","2018-08-02","2214 points","Michael Gwisdek","Der Baader Meinhof Komplex","1942-01-14","top 1000"
572,"nm0675409","2018-08-18","2022-07-03","2207 points","Mikael Persbrandt","Hævnen","1963-09-25","top 1000"
573,"nm0768334","2018-09-25","2018-09-25","2197 points","John Saxon","A Nightmare on Elm Street","1936-08-05","top 1000"
574,"nm0000387","2018-09-25","2018-09-25","2197 points","Robert Englund","A Nightmare on Elm Street","1947-06-06","top 1000"
575,"nm0000527","2018-07-15","2018-07-19","2172 points","Walter Matthau","The Odd Couple","1920-10-01","top 1000"
576,"nm0001297","2018-07-16","2018-07-31","2155 points","Joel Grey","Cabaret","1932-04-11","top 1000"
577,"nm0005403","2021-01-11","2021-01-11","2143 points","Jason Schwartzman","Rushmore","1980-06-26","top 1000"
578,"nm0319843","2018-08-24","2018-08-24","2118 points","Daniel Giménez Cacho","Blancanieves","1961-05-15","top 1000"
579,"nm0002075","2018-07-16","2018-07-16","2109 points","Peter Finch","Network","1916-09-28","top 1000"
580,"nm0347797","2018-07-27","2018-07-27","2091 points","Sean Gullette","Pi","1968-06-04","top 1000"
581,"nm0000188","2018-07-18","2018-07-19","2089 points","Steve Martin","Roxanne","1945-08-14","top 1000"
582,"nm0176981","2021-04-26","2021-04-26","2068 points","Dane Cook","Good Luck Chuck","1972-03-18","top 1000"
583,"nm0569000","2020-12-23","2020-12-23","2067 points","Darren McGavin","A Christmas Story","1922-05-07","top 1000"
584,"nm0000004","2018-07-17","2018-07-17","2054 points","John Belushi","Saturday Night Live","1949-01-24","top 1000"
585,"nm0001059","2021-05-25","2021-05-25","2050 points","Robbie Coltrane","Cracker","1950-03-30","top 1000"
586,"nm0007183","2021-05-25","2021-05-25","2050 points","Ian Richardson","From Hell","1934-04-07","top 1000"
587,"nm0002076","2021-05-25","2021-05-25","2050 points","Jason Flemyng","The Curious Case of Benjamin Button","1966-09-25","top 1000"
588,"nm5473782","2021-01-01","2021-01-01","2038 points","Taron Egerton","Kingsman: The Secret Service","1989-11-10","top 1000"
589,"nm0050959","2021-12-14","2021-12-14","2032 points","Pedro Pascal","The Mandalorian","1975-04-02","top 1000"
590,"nm0000075","2018-07-15","2018-07-16","2022 points","Spencer Tracy","Judgment at Nuremberg","1900-04-05","top 1000"
591,"nm2588665","2018-08-16","2018-08-22","2022 points","Tahar Rahim","Un prophète","1981-07-04","top 1000"
592,"nm0001659","2018-07-17","2018-07-20","2012 points","Christopher Reeve","Superman","1952-09-25","top 1000"
593,"nm0191950","2018-07-15","2018-07-15","1992 points","Robert Cummings","Dial M for Murder","1910-06-09","top 1000"
594,"nm5189784","2021-04-24","2021-04-24","1976 points","Alex Sharp","The Trial of the Chicago 7","1989-02-02","top 1000"
595,"nm0056187","2021-04-24","2021-04-24","1976 points","Sacha Baron Cohen","Borat: Cultural Learnings of America for Make Benefit Glorious Nation of Kazakhstan","1971-10-13","top 1000"
596,"nm0625789","2021-05-08","2021-05-08","1944 points","Tim Blake Nelson","The Ballad of Buster Scruggs","1964-05-11","top 1000"
597,"nm1035643","2018-08-09","2018-08-23","1932 points","Frederick Lau","Victoria","1989-08-17","top 1000"
598,"nm0001590","2019-01-05","2019-01-05","1911 points","Chazz Palminteri","The Usual Suspects","1952-05-15","top 1000"
599,"nm0000969","2019-01-05","2019-01-05","1911 points","Lillo Brancato","A Bronx Tale","1976-03-30","top 1000"
600,"nm1710309","2021-02-06","2021-02-06","1905 points","Emory Cohen","Brooklyn","1990-03-13","top 1000"
601,"nm0001511","2018-07-15","2018-07-16","1886 points","Lee Marvin","Paint Your Wagon","1924-02-19","top 1000"
602,"nm0001115","2018-07-18","2019-01-25","1878 points","Ossie Davis","Do the Right Thing","1917-12-18","top 1000"
603,"nm1235292","2020-03-05","2020-03-05","1861 points","Kim Sang-kyung","Salinui chueok","1972-06-01","top 1000"
604,"nm1323287","2020-03-05","2020-03-05","1861 points","Roe-ha Kim","Salinui chueok","1965-11-15","top 1000"
605,"nm0947338","2018-08-22","2018-08-22","1852 points","Anton Yelchin","Star Trek","1989-03-11","top 1000"
606,"nm1375877","2021-05-02","2021-05-02","1841 points","Juan Minujín","The Two Popes","1975-05-20","top 1000"
607,"nm1812656","2018-08-24","2018-08-24","1823 points","Luke Evans","Dracula Untold","1979-04-15","top 1000"
608,"nm2129938","2018-08-06","2018-08-06","1785 points","Thomas Turgoose","This Is England","1992-02-11","top 1000"
609,"nm0001816","2018-07-15","2018-07-16","1764 points","Robert Vaughn","The Magnificent Seven","1932-11-22","top 1000"
610,"nm0771713","2018-08-10","2018-08-23","1757 points","Tom Schilling","Oh Boy","1982-02-10","top 1000"
611,"nm0490489","2018-08-02","2018-08-02","1740 points","Andy Lau","Mou gaan dou","1961-09-27","top 1000"
612,"nm0000693","2018-07-18","2018-07-18","1734 points","Peter Weller","RoboCop","1947-06-24","top 1000"
613,"nm0000015","2018-07-15","2018-07-15","1723 points","James Dean","East of Eden","1931-02-08","top 1000"
614,"nm0360598","2018-08-07","2018-08-07","1723 points","Glen Hansard","Once","1970-04-21","top 1000"
615,"nm0002006","2018-08-03","2018-08-03","1722 points","Thomas Haden Church","Sideways","1960-06-17","top 1000"
616,"nm0000961","2018-07-16","2018-08-02","1709 points","Timothy Bottoms","The Last Picture Show","1951-08-30","top 1000"
617,"nm1089991","2021-07-15","2021-07-15","1695 points","Tom Hiddleston","The Avengers","1981-02-09","top 1000"
618,"nm0000347","2020-12-30","2021-02-27","1683 points","Tim Curry","Congo","1946-04-19","top 1000"
619,"nm0803889","2021-05-25","2021-05-25","1674 points","Bill Skarsgård","It","1990-08-09","top 1000"
620,"nm0001471","2018-07-17","2018-07-19","1668 points","Jerry Lewis","The Nutty Professor","1926-03-16","top 1000"
621,"nm0244151","2020-03-11","2021-05-10","1657 points","Romain Duris","De battre mon coeur s'est arrêté","1974-05-28","top 1000"
622,"nm0001724","2018-08-01","2018-08-01","1650 points","Tony Shalhoub","Monk","1953-10-09","top 1000"
623,"nm0908153","2018-07-15","2018-07-15","1637 points","Robert Walker","Strangers on a Train","1918-10-13","top 1000"
624,"nm0432007","2018-07-15","2018-07-16","1632 points","Curd Jürgens","The Spy Who Loved Me","1915-12-13","top 1000"
625,"nm0001811","2018-07-15","2018-07-15","1616 points","Peter Ustinov","Death on the Nile","1921-04-16","top 1000"
626,"nm0000069","2018-07-15","2018-07-15","1612 points","Frank Sinatra","From Here to Eternity","1915-12-12","top 1000"
627,"nm0001067","2018-07-14","2018-07-14","1600 points","Jackie Coogan","The Kid","1914-10-26","top 1000"
628,"nm0684929","2022-09-22","2022-09-22","1580 points","Roddy Piper","They Live","1954-04-17","top 1000"
629,"nm0001374","2018-07-15","2018-07-15","1576 points","Jeffrey Hunter","The Searchers","1926-11-25","top 1000"
630,"nm0724732","2018-07-15","2021-04-20","1573 points","Ralph Richardson","Doctor Zhivago","1902-12-19","top 1000"
631,"nm0404158","2018-07-15","2018-07-15","1555 points","Walter Huston","The Treasure of the Sierra Madre","1883-04-05","top 1000"
632,"nm0000044","2018-07-15","2018-07-15","1551 points","Burt Lancaster","From Here to Eternity","1913-11-02","top 1000"
633,"nm0001050","2018-07-15","2018-07-15","1551 points","Montgomery Clift","From Here to Eternity","1920-10-17","top 1000"
634,"nm0001699","2018-07-16","2019-09-24","1541 points","Telly Savalas","Kojak","1922-01-21","top 1000"
635,"nm0252961","2021-05-15","2022-08-14","1537 points","Idris Elba","Beasts of No Nation","1972-09-06","top 1000"
636,"nm0000061","2018-07-15","2018-07-15","1528 points","Tyrone Power","Witness for the Prosecution","1914-05-05","top 1000"
637,"nm0543547","2018-07-21","2018-07-30","1526 points","Predrag 'Miki' Manojlovic","Underground","1950-04-05","top 1000"
638,"nm0001703","2018-07-15","2018-07-16","1524 points","Maximilian Schell","Judgment at Nuremberg","1930-12-08","top 1000"
639,"nm0000472","2018-07-14","2018-07-14","1496 points","Boris Karloff","Bride of Frankenstein","1887-11-23","top 1000"
640,"nm0000352","2022-02-09","2022-02-09","1493 points","Vincent D'Onofrio","Men in Black","1959-06-30","top 1000"
641,"nm1256532","2022-02-09","2022-02-09","1493 points","Jon Bernthal","The Wolf of Wall Street","1976-09-20","top 1000"
642,"nm0936353","2018-11-21","2018-11-21","1490 points","Greg Wise","Sense and Sensibility","1966-05-15","top 1000"
643,"nm0000036","2018-07-14","2021-04-16","1489 points","Buster Keaton","The General","1895-10-04","top 1000"
644,"nm0721073","2018-07-16","2018-07-16","1484 points","Fernando Rey","Tristana","1917-09-20","top 1000"
645,"nm1569276","2021-05-12","2022-04-10","1469 points","Chadwick Boseman","Black Panther","1976-11-29","top 1000"
646,"nm0001832","2018-07-17","2018-07-18","1450 points","Sam Waterston","The Killing Fields","1940-11-15","top 1000"
647,"nm0001847","2018-07-15","2018-07-16","1446 points","Richard Widmark","Kiss of Death","1914-12-26","top 1000"
648,"nm0867694","2018-07-16","2018-07-17","1427 points","Topol","Fiddler on the Roof","1935-09-09","top 1000"
649,"nm0005148","2021-05-12","2022-08-14","1426 points","Delroy Lindo","Get Shorty","1952-11-18","top 1000"
650,"nm0557339","2018-07-14","2018-07-15","1413 points","Raymond Massey","Arsenic and Old Lace","1896-08-30","top 1000"
651,"nm0000763","2018-07-14","2018-07-15","1392 points","Dana Andrews","Laura","1909-01-01","top 1000"
652,"nm3529685","2018-08-24","2018-08-24","1390 points","Kumail Nanjiani","The Big Sick","1978-05-02","top 1000"
653,"nm0000011","2018-07-15","2018-07-15","1389 points","Gary Cooper","High Noon","1901-05-07","top 1000"
654,"nm0273178","2018-07-30","2018-07-30","1389 points","Fernando Fernán Gómez","El abuelo","1921-08-28","top 1000"
655,"nm0001428","2018-07-15","2018-07-16","1386 points","Klaus Kinski","Nosferatu: Phantom der Nacht","1926-10-18","top 1000"
656,"nm0001283","2021-04-30","2022-08-17","1370 points","Louis Gossett Jr.","An Officer and a Gentleman","1936-05-27","top 1000"
657,"nm0451321","2018-08-17","2018-08-17","1370 points","Shah Rukh Khan","Don 2","1965-11-02","top 1000"
658,"nm3236159","2022-12-09","2022-12-09","1367 points","Paul Walter Hauser","I, Tonya","1986-10-15","top 1000"
659,"nm0007217","2018-07-14","2018-07-15","1365 points","Jack Carson","Cat on a Hot Tin Roof","1910-10-27","top 1000"
660,"nm0302330","2021-10-31","2021-10-31","1365 points","John Gallagher Jr.","10 Cloverfield Lane","1984-06-17","top 1000"
661,"nm0175916","2019-03-09","2022-02-13","1344 points","Paddy Considine","Dead Man's Shoes","1973-09-05","top 1000"
662,"nm0900915","2018-08-09","2018-08-09","1332 points","Jürgen Vogel","Die Welle","1968-04-29","top 1000"
663,"nm0726262","2018-08-09","2018-08-09","1332 points","Max Riemelt","Napola - Elite für den Führer","1984-01-07","top 1000"
664,"nm0000886","2018-07-16","2018-07-16","1330 points","Warren Beatty","Reds","1937-03-30","top 1000"
665,"nm0002994","2018-07-15","2020-09-01","1317 points","Kevin McCarthy","Invasion of the Body Snatchers","1914-02-15","top 1000"
666,"nm0286010","2020-10-13","2020-10-13","1306 points","Ken Foree","Dawn of the Dead","1948-02-29","top 1000"
667,"nm0773308","2018-08-18","2018-08-18","1305 points","Sebastian Urzendowsky","The Way Back","1985-05-28","top 1000"
668,"nm0529543","2018-07-15","2018-07-15","1299 points","Jean-Pierre Léaud","Les quatre cents coups","1944-05-28","top 1000"
669,"nm0775180","2018-07-14","2018-07-14","1298 points","Max Schreck","Nosferatu, eine Symphonie des Grauens","1879-09-06","top 1000"
670,"nm3092471","2020-03-02","2020-03-02","1287 points","Marwan Kenzari","Aladdin","1983-01-16","top 1000"
671,"nm0002139","2018-07-17","2021-05-16","1280 points","Judd Hirsch","Independence Day","1935-03-15","top 1000"
672,"nm0052023","2019-03-07","2019-03-07","1237 points","Donatas Banionis","Solyaris","1924-04-28","top 1000"
673,"nm0000057","2018-07-15","2018-07-15","1228 points","David Niven","Murder by Death","1910-03-01","top 1000"
674,"nm0132257","2019-11-06","2019-11-06","1222 points","Bruce Campbell","Bubba Ho-Tep","1958-06-22","top 1000"
675,"nm0382830","2019-11-06","2019-11-06","1222 points","Dan Hicks","Darkman","1951-07-19","top 1000"
676,"nm0036427","2018-07-14","2018-07-14","1219 points","Edward Arnold","You Can't Take It with You","1890-02-18","top 1000"
677,"nm0001434","2018-08-04","2018-08-04","1219 points","Kris Kristofferson","Blade","1936-06-22","top 1000"
678,"nm0000483","2018-07-18","2018-07-18","1214 points","Christopher Lambert","Mortal Kombat","1957-03-29","top 1000"
679,"nm0430107","2021-06-24","2021-06-24","1200 points","Michael B. Jordan","Black Panther","1987-02-09","top 1000"
680,"nm0001719","2018-07-16","2019-10-27","1175 points","George Segal","Who's Afraid of Virginia Woolf?","1934-02-13","top 1000"
681,"nm0700875","2022-01-22","2022-01-22","1156 points","Om Puri","East Is East","1950-10-18","top 1000"
682,"nm2110485","2022-01-22","2022-01-22","1156 points","Manish Dayal","The Hundred-Foot Journey","1983-06-17","top 1000"
683,"nm4055138","2021-05-10","2021-05-10","1147 points","Charlie Plummer","Looking for Alaska","1999-05-24","top 1000"
684,"nm2240346","2022-02-09","2022-02-09","1143 points","Kodi Smit-McPhee","Let Me In","1996-06-13","top 1000"
685,"nm0000391","2018-07-24","2018-07-24","1137 points","Rupert Everett","My Best Friend's Wedding","1959-05-29","top 1000"
686,"nm3584268","2020-03-09","2020-03-09","1123 points","James Norton","Little Women","1985-07-18","top 1000"
687,"nm0412322","2018-07-15","2018-07-15","1122 points","Burl Ives","The Big Country","1909-06-14","top 1000"
688,"nm0722629","2022-06-18","2022-06-18","1111 points","Matthew Rhys","A Beautiful Day in the Neighborhood","1974-11-08","top 1000"
689,"nm0065235","2018-07-17","2018-07-17","1105 points","Michael Beck","The Warriors","1949-02-04","top 1000"
690,"nm0280559","2022-08-18","2022-08-18","1102 points","Leo Fitzpatrick","Kids","1978-08-10","top 1000"
691,"nm0682399","2022-08-18","2022-08-18","1102 points","Justin Pierce","Kids","1975-03-21","top 1000"
692,"nm0921459","2018-07-15","2018-07-16","1093 points","Oskar Werner","Jules et Jim","1922-11-13","top 1000"
693,"nm1296587","2022-02-09","2022-02-09","1085 points","Robin de Jesus","tick, tick...BOOM!","1984-08-21","top 1000"
694,"nm0880484","2020-03-27","2020-03-27","1082 points","Gaspard Ulliel","Un long dimanche de fiançailles","1984-11-25","top 1000"
695,"nm0684500","2020-10-14","2020-10-14","1081 points","Dominique Pinon","Delicatessen","1955-03-04","top 1000"
696,"nm0241748","2021-08-18","2021-08-18","1078 points","Dennis Dun","Big Trouble in Little China","1952-04-19","top 1000"
697,"nm0179173","2021-10-10","2021-10-10","1075 points","John Corbett","My Big Fat Greek Wedding","1961-05-09","top 1000"
698,"nm0785842","2018-08-22","2018-08-22","1073 points","Toni Servillo","La grande bellezza","1959-01-25","top 1000"
699,"nm1405398","2022-06-09","2022-06-09","1059 points","Dan Stevens","Downton Abbey","1982-10-10","top 1000"
700,"nm0202970","2018-08-16","2018-08-16","1054 points","Larry David","Curb Your Enthusiasm","1947-07-02","top 1000"
701,"nm0002048","2018-07-17","2018-07-17","1039 points","Melvyn Douglas","Being There","1901-04-05","top 1000"
702,"nm0000809","2018-08-04","2018-08-04","1030 points","Daniel Auteuil","Caché","1950-01-24","top 1000"
703,"nm0518821","2018-07-18","2018-07-18","1027 points","John Lone","The Last Emperor","1952-10-13","top 1000"
704,"nm1676649","2022-06-02","2022-06-02","1026 points","Nate Parker","The Birth of a Nation","1979-11-18","top 1000"
705,"nm1091701","2022-06-02","2022-06-02","1026 points","Denzel Whitaker","The Great Debaters","1990-06-15","top 1000"
706,"nm0133899","2022-02-09","2022-02-09","1011 points","Guillaume Canet","Jeux d'enfants","1973-04-10","top 1000"
707,"nm0002131","2018-07-15","2018-07-15","984 points","Laurence Harvey","The Manchurian Candidate","1928-10-01","top 1000"
708,"nm0748620","2021-06-15","2021-06-15","979 points","Paul Rudd","Ant-Man","1969-04-06","top 1000"
709,"nm1064292","2021-06-15","2021-06-15","979 points","Craig Roberts","Submarine","1991-01-21","top 1000"
710,"nm0000901","2018-07-15","2019-08-26","975 points","Jean-Paul Belmondo","Pierrot le fou","1933-04-09","top 1000"
711,"nm0001322","2018-07-15","2018-07-15","975 points","Rex Harrison","My Fair Lady","1908-03-05","top 1000"
712,"nm0000469","2018-07-17","2018-07-17","974 points","James Earl Jones","Rogue One","1931-01-17","top 1000"
713,"nm0000188","2018-08-16","2018-08-16","972 points","Steve Martin","Roxanne","1945-08-14","top 1000"
714,"nm0308039","2018-08-02","2018-08-02","967 points","Louis Garrel","The Dreamers","1983-06-14","top 1000"
715,"nm0001113","2018-07-17","2018-07-17","964 points","Brad Davis","Midnight Express","1949-11-06","top 1000"
716,"nm0289142","2021-12-19","2021-12-19","959 points","Matthew Fox","Bone Tomahawk","1966-07-14","top 1000"
717,"nm0582890","2018-07-15","2018-07-15","955 points","Paul Meurisse","Les diaboliques","1912-12-21","top 1000"
718,"nm1410940","2020-05-23","2020-05-23","945 points","Lily Franky","Manbiki kazoku","1963-11-04","top 1000"
719,"nm1281229","2021-05-26","2021-05-26","933 points","Hugo Silva","El cuerpo","1977-05-10","top 1000"
720,"nm0000987","2018-07-16","2018-07-16","927 points","Jim Brown","Mars Attacks!","1936-02-17","top 1000"
721,"nm0001555","2019-01-02","2019-01-02","927 points","Rob Morrow","Northern Exposure","1962-09-21","top 1000"
722,"nm0475165","2022-04-02","2022-04-02","926 points","Jun Kunimura","Kill Bill: Vol. 1","1955-11-16","top 1000"
723,"nm0000865","2018-07-15","2018-07-15","921 ponts","Richard Basehart","Moby Dick","1914-08-31","top 1000"
724,"nm3841091","2022-09-19","2022-09-19","908 points","Adarsh Gourav","The White Tiger","1994-07-08","top 1000"
725,"nm3822770","2022-09-19","2022-09-19","908 points","Rajkummar Rao","Shahid","1984-08-31","top 1000"
726,"nm0430107","2021-08-16","2021-08-16","906 points","Michael B. Jordan","Black Panther","1987-02-09","top 1000"
727,"nm0527002","2021-05-22","2021-05-22","900 points","Federico Luppi","Cronos","1934-02-23","top 1000"
728,"nm0869088","2018-08-16","2018-08-16","894 points","Luis Tosar","Celda 211","1971-10-13","top 1000"
729,"nm0728476","2018-07-21","2018-07-21","889 points","Lazar Ristovski","Underground","1952-10-26","top 1000"
730,"nm0061484","2020-12-08","2020-12-08","884 points","Giuseppe Battiston","Perfetti sconosciuti","1968-07-22","top 1000"
731,"nm0316074","2020-12-08","2020-12-08","884 points","Marco Giallini","Perfetti sconosciuti","1963-04-04","top 1000"
732,"nm0000817","2018-07-14","2018-07-14","877 points","Lew Ayres","Holiday","1908-12-28","top 1000"
733,"nm0000287","2018-07-19","2018-07-19","871 points","William Baldwin","Backdraft","1963-02-21","top 1000"
734,"nm0000393","2018-07-18","2018-07-18","869 points","Peter Falk","Columbo","1927-09-16","top 1000"
735,"nm4150847","2022-04-10","2022-04-10","862 points","Stephan James","Race","1993-12-16","top 1000"
736,"nm2018237","2022-04-10","2022-04-10","862 points","Taylor Kitsch","X-Men Origins: Wolverine","1981-04-08","top 1000"
737,"nm0001970","2018-07-17","2018-07-17","861 points","Klaus Maria Brandauer","Out of Africa","1943-06-22","top 1000"
738,"nm0183822","2018-07-15","2018-07-15","860 points","Tom Courtenay","45 Years","1937-02-25","top 1000"
739,"nm0676973","2019-10-19","2019-10-19","860 points","William Petersen","CSI: Crime Scene Investigation","1953-02-21","top 1000"
740,"nm0001329","2018-07-26","2018-07-26","840 points","Nigel Hawthorne","The Madness of King George","1929-04-05","top 1000"
741,"nm0470328","2018-07-14","2018-07-14","837 points","Werner Krauss","Das Cabinet des Dr. Caligari","1884-06-23","top 1000"
742,"nm4199420","2022-08-28","2022-08-28","830 points","Aras Bulut Iynemli","Çukur","1990-08-25","top 1000"
743,"nm3306943","2020-10-03","2020-10-03","828 points","James Frecheville","Black '47","1991-05-03","top 1000"
744,"nm3718007","2022-08-14","2022-08-14","819 points","Jonathan Majors","Lovecraft Country","1989-09-07","top 1000"
745,"nm0001509","2018-07-15","2018-07-15","818 points","Dean Martin","The Dean Martin Show","1917-06-07","top 1000"
746,"nm0618057","2018-07-26","2018-07-26","817 points","Ulrich Mühe","Das Leben der Anderen","1953-06-20","top 1000"
747,"nm0559647","2020-06-25","2020-06-25","814 points","Yutaka Matsushige","Shinobi","1963-01-19","top 1000"
748,"nm0545298","2018-07-15","2018-07-15","808 points","Fredric March","Dr. Jekyll and Mr. Hyde","1897-08-31","top 1000"
749,"nm0639563","2018-07-14","2021-04-13","808 points","George O'Brien","Sunrise: A Song of Two Humans","1899-04-19","top 1000"
750,"nm0494078","2018-08-01","2018-08-01","799 points","Samuel Le Bihan","Le pacte des loups","1965-11-02","top 1000"
751,"nm0753737","2018-08-01","2018-08-01","799 points","Jérémie Renier","In Bruges","1981-01-06","top 1000"
752,"nm0006890","2018-07-20","2018-07-20","792 points","Paul Scofield","A Man for All Seasons","1922-01-21","top 1000"
753,"nm0915840","2018-07-16","2018-07-16","789 points","Dennis Weaver","Touch of Evil","1924-06-04","top 1000"
754,"nm0667282","2020-12-15","2020-12-15","785 points","Gastón Pauls","Nueve reinas","1972-01-17","top 1000"
755,"nm0952498","2018-07-20","2018-07-20","760 points","Zbigniew Zamachowski","Trois couleurs: Blanc","1961-07-17","top 1000"
756,"nm0301515","2018-07-20","2018-07-20","760 points","Janusz Gajos","Trois couleurs: Blanc","1939-09-23","top 1000"
757,"nm0836136","2018-07-20","2018-07-20","760 points","Jerzy Stuhr","Historie milosne","1947-04-18","top 1000"
758,"nm0001424","2022-05-21","2022-05-21","756 points","Udo Kier","Hunters","","top 1000"
759,"nm0001117","2020-09-30","2020-09-30","738 points","Bruce Davison","X-Men","1946-06-28","top 1000"
760,"nm0911542","2020-09-30","2020-09-30","738 points","Fred Ward","Short Cuts","1942-12-30","top 1000"
761,"nm0001606","2020-09-30","2020-09-30","738 points","Chris Penn","Reservoir Dogs","1965-10-10","top 1000"
762,"nm0001251","2020-09-30","2020-09-30","738 points","Peter Gallagher","American Beauty","1955-08-19","top 1000"
763,"nm0340926","2018-07-16","2018-07-16","732 points","Helmut Griem","Cabaret","1932-04-06","top 1000"
764,"nm0734000","2018-08-06","2018-08-06","730 points","Jean Rochefort","L'homme du train","1930-04-29","top 1000"
765,"nm2412823","2019-04-04","2019-04-04","729 points","Kim Yoon-seok","Chugyeokja","1968-01-21","top 1000"
766,"nm0007042","2018-07-17","2018-07-17","728 points","Herbert Lom","The Pink Panther Strikes Again","1917-09-11","top 1000"
767,"nm0632689","2022-09-04","2022-09-04","727 points","Hidetoshi Nishijima","Doraibu mai kâ","1971-03-29","top 1000"
768,"nm4608165","2018-08-22","2018-08-22","714 points","Antoine Olivier Pilon","Mommy","1997-06-23","top 1000"
769,"nm0001831","2021-04-20","2021-04-20","713 points","David Warner","Star Trek VI: The Undiscovered Country","1941-07-29","top 1000"
770,"nm0753479","2018-07-15","2018-07-15","711 points","Chishû Ryû","Tôkyô monogatari","1904-05-13","top 1000"
771,"nm0001418","2021-04-30","2021-04-30","709 points","David Keith","An Officer and a Gentleman","1954-05-08","top 1000"
772,"nm2580347","2018-07-14","2018-07-14","706 points","The Marx Brothers","Duck Soup","","top 1000"
773,"nm0001357","2018-07-18","2018-07-18","700 points","Paul Hogan","Crocodile Dundee","1939-10-08","top 1000"
774,"nm0147767","2020-11-23","2020-11-23","695 points","Jakob Cedergren","Den skyldige","1973-01-10","top 1000"
775,"nm1030819","2018-08-04","2018-08-04","695 points","Hee Jae","Bin-jip","1980-05-25","top 1000"
776,"nm0719692","2018-07-15","2018-07-15","683 points","Michael Rennie","The Day the Earth Stood Still","1909-08-25","top 1000"
777,"nm3510471","2021-07-12","2021-07-12","682 points","Sam Claflin","The Hunger Games: Catching Fire","1986-06-27","top 1000"
778,"nm4207146","2021-04-23","2021-04-23","676 points","Jason Mitchell","Straight Outta Compton","1987-01-05","top 1000"
779,"nm3779182","2021-05-24","2021-05-24","658 points","Chino Darín","Muerte en Buenos Aires","1989-01-14","top 1000"
780,"nm0349522","2021-05-24","2021-05-24","658 points","Javier Gutiérrez","La isla mínima","1971-01-17","top 1000"
781,"nm1486647","2021-05-24","2021-05-24","658 points","Álvaro Morte","La casa de papel","1975-02-23","top 1000"
782,"nm0001314","2019-12-18","2019-12-18","646 points","John Hannah","Four Weddings and a Funeral","1962-04-23","top 1000"
783,"nm0001487","2019-12-18","2019-12-18","646 points","John Lynch","Black Death","1961-12-26","top 1000"
784,"nm0159789","2018-08-08","2018-08-08","645 points","Hayden Christensen","Star Wars: Episode III - Revenge of the Sith","1981-04-19","top 1000"
785,"nm0714878","2018-07-14","2018-07-14","640 points","Michael Redgrave","The Lady Vanishes","1908-03-20","top 1000"
786,"nm0598971","2018-07-15","2018-07-15","639 points","Yves Montand","Jean de Florette","1921-10-13","top 1000"
787,"nm0960379","2018-08-04","2018-08-04","635 points","Birol Ünel","Gegen die Wand","1961-08-18","top 1000"
788,"nm0954225","2022-04-25","2022-04-25","635 points","Kevin Zegers","Transamerica","1984-09-19","top 1000"
789,"nm0000141","2018-07-20","2018-07-20","629 points","David Duchovny","The X Files","1960-08-07","top 1000"
790,"nm0431139","2018-07-17","2018-07-17","627 points","Louis Jourdan","Gigi","1921-06-19","top 1000"
791,"nm0703033","2018-07-15","2018-07-15","625 points","Anthony Quayle","Lawrence of Arabia","1913-09-07","top 1000"
792,"nm0374949","2018-08-21","2018-08-21","616 points","Johan Heldenbergh","The Broken Circle Breakdown","1967-05-11","top 1000"
793,"nm0232196","2018-07-14","2018-07-14","612 points","Robert Donat","The 39 Steps","1905-03-18","top 1000"
794,"nm3718007","2021-05-12","2021-05-12","607 points","Jonathan Majors","Lovecraft Country","1989-09-07","top 1000"
795,"nm0038355","2021-12-06","2021-12-06","607 points","Tadanobu Asano","Mongol","1973-11-27","top 1000"
796,"nm0926183","2018-07-15","2018-07-15","603 points","Stuart Whitman","The Comancheros","1928-02-01","top 1000"
797,"nm0001958","2018-07-16","2018-07-16","601 points","Dirk Bogarde","The Servant","1921-03-28","top 1000"
798,"nm1796057","2021-07-20","2021-07-20","600 points","Max Irons","Condor","1985-10-17","top 1000"
799,"nm4453291","2018-08-23","2018-08-23","600 points","Franz Rogowski","Transit","1986-02-02","top 1000"
800,"nm0000509","2018-07-14","2018-07-14","598 points","Bela Lugosi","Dracula","1882-10-20","top 1000"
801,"nm1270590","2020-12-02","2020-12-02","595 points","Andreas Wilson","Ondskan","1981-03-07","top 1000"
802,"nm0526616","2020-12-02","2020-12-02","595 points","Henrik Lundström","Bron/Broen","1983-12-13","top 1000"
803,"nm0001252","2018-07-30","2018-07-30","593 points","Vincent Gallo","Buffalo '66","1961-04-11","top 1000"
804,"nm0001224","2018-07-14","2018-07-14","589 points","Errol Flynn","The Adventures of Robin Hood","1909-06-20","top 1000"
805,"nm0001651","2018-07-14","2018-07-14","589 points","Basil Rathbone","The Adventures of Robin Hood","1892-06-13","top 1000"
806,"nm0051903","2018-08-24","2018-08-24","589 points","Claes Bang","The Square","1967-04-28","top 1000"
807,"nm0453448","2018-08-02","2018-08-02","589 points","Kim Kap-su","Janghwa, Hongryeon","1957-04-07","top 1000"
808,"nm0001128","2018-07-16","2018-07-16","588 points","Alain Delon","Le Samouraï","1935-11-08","top 1000"
809,"nm0916067","2018-07-14","2018-07-14","584 points","Clifton Webb","Laura","1889-11-19","top 1000"
810,"nm0001637","2018-07-14","2018-07-14","584 points","Vincent Price","The Abominable Dr. Phibes","1911-05-27","top 1000"
811,"nm0253216","2020-10-21","2020-10-21","584 points","Karra Elejalde","Los cronocrímenes","1960-10-10","top 1000"
812,"nm0731772","2018-07-16","2018-07-16","581 points","Cliff Robertson","Spider-Man","1923-09-09","top 1000"
813,"nm3140538","2018-08-21","2018-08-21","572 points","Mikkel Boe Følsgaard","En kongelig affære","1984-05-01","top 1000"
814,"nm4221607","2018-08-22","2018-08-22","571 points","Dawid Ogrodnik","Cicha noc","1986-06-15","top 1000"
815,"nm0205127","2021-04-07","2021-04-07","570 points","Matthew Davis","Legally Blonde","1978-05-08","top 1000"
816,"nm0681566","2018-07-16","2018-07-16","564 points","Michel Piccoli","Le mépris","1925-12-27","top 1000"
817,"nm1914298","2018-08-21","2018-08-21","563 points","Pål Sverre Hagen","Kon-Tiki","1980-11-06","top 1000"
818,"nm0471601","2018-08-21","2018-08-21","563 points","Anders Baasmo","Kon-Tiki","1976-01-29","top 1000"
819,"nm0617852","2018-08-22","2018-08-22","560 points","Wotan Wilke Möhring","Pandorum","1967-05-23","top 1000"
820,"nm1946193","2022-07-02","2022-07-02","558 points","Jamie Dornan","The Fall","1982-05-01","top 1000"
821,"nm8958770","2022-02-09","2022-02-09","557 points","Paul Mescal","Aftersun","1996-02-02","top 1000"
822,"nm0000896","2018-08-06","2018-08-06","554 points","Harry Belafonte","Bobby","1927-03-01","top 1000"
823,"nm0508293","2020-12-27","2020-12-27","546 points","Thierry Lhermitte","Le dîner de cons","1952-11-24","top 1000"
824,"nm0898317","2020-12-27","2020-12-27","546 points","Jacques Villeret","Le dîner de cons","1951-02-06","top 1000"
825,"nm0277424","2018-07-16","2018-07-16","544 points","Jon Finch","Frenzy","1942-03-02","top 1000"
826,"nm0856050","2021-02-07","2021-02-07","538 points","Nigel Terry","Excalibur","1945-08-15","top 1000"
827,"nm0000852","2022-01-23","2022-01-23","536 points","Jean-Marc Barr","Le grand bleu","1960-09-27","top 1000"
828,"nm2092835","2021-09-03","2021-09-03","536 points","Tom Payne","Prodigal Son","1982-12-21","top 1000"
829,"nm0553648","2021-09-03","2021-09-03","536 points","Olivier Martinez","Unfaithful","1966-01-12","top 1000"
830,"nm0800638","2018-08-24","2018-08-24","533 points","Peter Simonischek","Toni Erdmann","1946-08-06","top 1000"
831,"nm1955257","2022-10-02","2022-10-02","531 points","Lars Eidinger","Clouds of Sils Maria","1976-01-21","top 1000"
832,"nm1292111","2020-02-09","2020-02-09","527 points","Asier Etxeandia","Dolor y gloria","1975-06-27","top 1000"
833,"nm1741002","2021-05-01","2021-05-01","522 points","Matt Smith","Doctor Who","1982-10-28","top 1000"
834,"nm0350324","2018-07-15","2018-07-15","515 points","Edmund Gwenn","Miracle on 34th Street","1877-09-26","top 1000"
835,"nm0668361","2018-07-15","2018-07-15","515 points","John Payne","Miracle on 34th Street","1912-05-28","top 1000"
836,"nm8822933","2022-09-09","2022-09-09","508 points","Richie Merritt","White Boy Rick","","top 1000"
837,"nm0557908","2019-08-01","2019-08-01","507 points","Oliver Masucci","Fantastic Beasts: The Secrets of Dumbledore","1968-12-06","top 1000"
838,"nm0378698","2019-08-01","2019-08-01","507 points","Christoph Maria Herbst","Stromberg","1966-02-09","top 1000"
839,"nm0885203","2018-07-16","2018-07-16","504 points","Raf Vallone","The Italian Job","1916-02-17","top 1000"
840,"nm0509583","2018-08-10","2018-08-10","502 points","Jan Josef Liefers","Tatort","1964-08-08","top 1000"
